"id","tier","target_folder","source_path","role","status","bytes","sha256"
"A00","A","01_MASTER_THEORY","C:\ALL THEORY\corpus\MASTER_THEORY_UNIFIED_2026-08-20_v4_3.md","Unified controlling scientific authority","current scientific authority, version 4.3","64978","1F8295C3A797AEB854B4B0CA82485BD7F4A149617777D2A43FC147A4A53C26DD"
"A01","A","00_README_STATUS_MANIFEST","C:\ALL THEORY\corpus\GLUEBALL_SOURCE_CONSOLIDATION_GUIDE_2026-08-20_v4_3.md","Unified navigation and consolidation guide","current navigation, version 4.3","32178","60B8A93C8149049F50ED3CE8E0CFD1B379723B6765F201395A2FDA6C4A7E7AA7"
"A02","A","01_MASTER_THEORY","C:\ALL THEORY\corpus\GLUEBALL_DETAILED_FORMULA_DOCUMENT_2026-08-20_v3_1.md","Detailed formula and August reconciliation appendix","current technical appendix; master controls conflicts","34260","924D5B26F865E33F530D166735E847B89F60DF7FE363995E2788AB24E1FF4254"
"A10T","A","03_HOMOLOGY_O2_O3","F:\THEORY\papers\flat_band\glueball_flat_band_paper_v1_1.tex","Current June manuscript source","historical family with August qualifications","85854","2E76A8CBF26738335D3DE7574AA7AB62B9B2F29D5DE461509DCE13D0F1A9CBFC"
"A10P","A","03_HOMOLOGY_O2_O3","F:\THEORY\papers\flat_band\glueball_flat_band_paper_v1_1.pdf","Rendered current June manuscript","historical family with August qualifications","528581","A91C61AC871BF93F6333D93C48D940BD5F59D73D6D57F4BC0A1B81C6A63F1161"
"A11C","A","03_HOMOLOGY_O2_O3","F:\THEORY\programs\one_plaquette\cls_flat_band_certificate_v1_1.py","Exact incidence and lower-order verifier","cold certificate","16675","34928E106DCA36B5FF3465464AB611AB65A2CC8A2804D6F9A5B0696DCBC9DD31"
"A11R","A","03_HOMOLOGY_O2_O3","F:\THEORY\programs\one_plaquette\cls_flat_band_results_v1_1.md","Exact incidence verifier output","cold result","7189","BE12253E6F4BB49C204638D6ACA5287D2A7E4FC5D85CC1B779A207631A2CED49"
"A12C","A","03_HOMOLOGY_O2_O3","F:\THEORY\programs\one_plaquette\glueball_band_certificate_v2.py","Independent band verifier","supporting certificate","20671","3BF2E4B98401ABD35D17AACBD0BDF011243BCE7C7188F352B99EA9FC883E3EBE"
"A12R","A","03_HOMOLOGY_O2_O3","F:\THEORY\programs\one_plaquette\glueball_band_results_v2.md","Independent band verifier output","supporting result","11548","436EA8D247A36F09EF24461CE5C8B56204002AED263DB8648C47A73586EAB445"
"A13C","A","03_HOMOLOGY_O2_O3","C:\Users\Alex\Downloads\suN_closed_surface_band_stage1_certificate.py","All-rank second-order closed-surface verifier","cold certificate","12912","CEFC464A9D2C15E32453EE3ED99A721F142E0BB93EB4C03E080051E4AA059285"
"A13R","A","03_HOMOLOGY_O2_O3","C:\Users\Alex\Downloads\suN_closed_surface_stage1_certificate.json","All-rank second-order closed-surface output","cold result","3468","74F1932607FB68EAD235CE49C4BD85DB3C6E69FF670BE8ECB5D4E6EA1885787F"
"A20K","A","04_HISTORICAL_SU3_O4","F:\THEORY\programs\one_plaquette\y4_o3_flatband_verification\y4_full_real_space_H4_kernel.json.gz","Saved 189-record historical fourth-order kernel","exact supplied kernel","1166","635D40FA8A5D7DA841FD30F36185EB96F14EC4C040678DDD8FB010379AFB2900"
"A21C","A","04_HISTORICAL_SU3_O4","F:\THEORY\programs\one_plaquette\y4_o3_flatband_verification\y4_global_band_edge_certificate.py","Historical kernel global-edge verifier","cold fixed-kernel certificate","26683","8871934F6DFFF81B000571E02B89E47ABCEDA2AC91582D654340634AEAFB5118"
"A21R","A","04_HISTORICAL_SU3_O4","F:\THEORY\programs\one_plaquette\y4_o3_flatband_verification\Y4_GLOBAL_BAND_EDGE_CERTIFICATE.md","Historical kernel global-edge result","exact for supplied kernel","2009","54FB405DF05615CED353FF239A948A24191608A65E623FD1CB79F83ABA4DA6BC"
"A21V","A","04_HISTORICAL_SU3_O4","F:\THEORY\programs\one_plaquette\y4_o3_flatband_verification\y4_stage3j_final_verdict.json","Historical kernel stage verdict","record","3075","99F38B83FC20E17855F4D06E1F728DDB0C05D3F21CD17AFC41432EB1D5E7F99B"
"A22","A","04_HISTORICAL_SU3_O4","F:\THEORY\papers\flat_band\FOURTH_ORDER_T1PM_BAND_THEOREM_V0_8_CONSOLIDATED.md","Historical fourth-order theorem source","superseded physical interpretation","26524","E47BA01941AC988626CE5EBE99B98513A879720DCD65855497FA1E32860E52DA"
"A30S","A","05_PHYSICAL_O4_ADJUDICATION","C:\Users\Alex\Downloads\15 hour RUN.txt","Completed run source and full transcript","blind scalar plus forced final alignment","693354","3846A022B4BD6874E332E8B16F4ED13A5706AF1BE855CC059763533D721D309E"
"A30R","A","05_PHYSICAL_O4_ADJUDICATION","C:\Users\Alex\Downloads\15 hour RUN. results.txt","Compact completed run results","mixed verdict","360644","B2674DA19A0C92546E21383A465B758FDAF9821511E093E6DB2412F065C1A8CA"
"A31A","A","05_PHYSICAL_O4_ADJUDICATION","C:\Users\Alex\Downloads\03-unified-proposal.md","Rules for an unshifted adjudication","governing forensic proposal","13097","82B6BE8038B0E93BD632DE0C8849FADAAE906626AE8ABF4761AD70C02BA43984"
"A31B","A","05_PHYSICAL_O4_ADJUDICATION","C:\Users\Alex\Downloads\05-latest-run-forensics.md","Latest-run dataflow audit","governing forensic record","16173","A80890E52EBBB56335EEBCF50BCCCEF16BC9F2794ED1D5FA159EAA25E429147B"
"A31C","A","05_PHYSICAL_O4_ADJUDICATION","C:\Users\Alex\Downloads\06-pattern-2-5-runtime-forensics.md","Order-schedule audit","quarantines forbidden branch","7368","646092ECE08E19C36D0C82092F47A32AC2AE876727F580E164109A2491A575DA"
"A31D","A","05_PHYSICAL_O4_ADJUDICATION","C:\Users\Alex\Downloads\06-physicalq-q2.md","Physical-Q status and blocked components","governing status record","18951","0E686161F25EBC0962BAA0D7AEB7AD12A905D1301100BD538C1A1E2643A5898F"
"A31E","A","05_PHYSICAL_O4_ADJUDICATION","C:\Users\Alex\Downloads\09-dual-cold-oracle.md","Dual-cold design and status","governing status record","17309","80EE209C0C853DB7403E2B33BA49D0191057B9A720F0D14F45A17C9A75DF722C"
"A32N","A","05_PHYSICAL_O4_ADJUDICATION","C:\Users\Alex\Downloads\Hodge_v10a25_Hamer_Gelfand_O4_A100.ipynb","Hamer normalization bridge notebook","conditional convention cross-check","382366","4E0F7970D659CF569BD99E7EBDDBF41F3590E1DFEC615A6CDD6F5498F9BFE61D"
"A32T","A","05_PHYSICAL_O4_ADJUDICATION","C:\Users\Alex\Downloads\Monday 531 PM.txt","Hamer notebook transcript","supporting record","539676","80E8BD95FF6879F7F1BCBBDF6561935CADF096FD823923E1C434EE5C9615C817"
"A40E","A","10_TESTS","C:\Users\Alex\Downloads\Hodge_SU3_Exact_MarkedCluster_m4_Colab.py","Target-blind exact marked-cluster engine","not yet physically evaluated","288745","9E158AF7E7FE012CA452D2455AB6BF6F71B14F5CC5C10A6E49F826B837D32844"
"A40T","A","10_TESTS","C:\Users\Alex\Downloads\test_Hodge_SU3_Exact_MarkedCluster_m4_Colab.py","Marked-cluster tests","self-test and preflight support","8944","67B4FE5E3DA4DAEF972130828B82A6E90284DC2E383600A801F6BAEFC59C74FD"
"A41E","A","10_TESTS","C:\Users\Alex\Downloads\Hodge_Y4_Canonical_O4_Production_Colab.py","Canonical historical-kernel production engine","not yet production-run","446723","1970C63A426812BECE12B1BE1706958FD8EA9ECFBEB3D305875D40FF6F2266B5"
"A41T","A","10_TESTS","C:\Users\Alex\Downloads\test_Hodge_Y4_Canonical_O4_Production_Colab.py","Canonical production tests","tests pass against fixture","56567","A0E89BC026F272040A9186F2A284AEBC6363EF8335B42380D99A3BAB12EDD557"
"A41F","A","10_TESTS","C:\Users\Alex\Downloads\Y4_STAGEI_AUTHORITY_FIXTURE.xz.b85","Sealed historical authority fixture","fixture not independent discovery","78736","718270E59F921F32D7A576E4D4A36087667009F65D4A90C0DE76539E377DCEF3"
"A50J","A","06_ALL_RANK_O4","F:\THEORY\programs\one_plaquette\sun_band_shape\Y4_SUN_ALL_N_GE_3_BAND_SHAPE_CERTIFICATE_2026-06-14.json","All-rank band-shape certificate","output-certified","6668","B470A8E2CECC7E36660A33B956977C946A64158E7E7FA291DA1C906F33BF557A"
"A50M","A","06_ALL_RANK_O4","F:\THEORY\programs\one_plaquette\sun_band_shape\Y4_SUN_ALL_N_GE_3_BAND_SHAPE_CERTIFICATE_2026-06-14.md","All-rank band-shape report","output-certified","2720","95186F8E7E6344B3980018DD050E073E46524E182CC66485CC4A361E554198A4"
"A50V","A","06_ALL_RANK_O4","F:\THEORY\programs\one_plaquette\sun_band_shape\y4_sun_all_n_ge3_band_shape_verify.py","All-rank formula verifier","cold verifier over saved outputs","2986","2B6BE8918E611ACD799A76C475783D1B73FD72CADC02AD349234F63F66981F71"
"A51J","A","06_ALL_RANK_O4","F:\THEORY\programs\one_plaquette\sun_band_shape\Y4_SUN_WALLED_BRAUER_FULL_SYMBOLIC_CERTIFICATE_2026-06-14.json","Full symbolic certificate","output-certified","9514","068CEBB27C29D2D43A38B8CA153BCF393234BAB116BC0D75DA45D5DE3A95C7F4"
"A51M","A","06_ALL_RANK_O4","F:\THEORY\programs\one_plaquette\sun_band_shape\Y4_SUN_WALLED_BRAUER_FULL_SYMBOLIC_CERTIFICATE_2026-06-14.md","Full symbolic report","output-certified","5420","F4EB090C5E0A953559DFCFFC1D1489FD777F64468DCBB4758E7C2F07E980B0C2"
"A52J","A","06_ALL_RANK_O4","F:\THEORY\programs\one_plaquette\sun_band_shape\independent_rerun_kernels\Y4_SUN_FULL_SYMBOLIC_INDEPENDENT_RERUN_2026-06-14.json","Independent-rerun kernels","supporting output","17500","4DD28303EA3AF36D9ED89B1ED2498C6D9907FCAEDB0BA7F6361B8C5B648D05CC"
"A52M","A","06_ALL_RANK_O4","F:\THEORY\programs\one_plaquette\sun_band_shape\independent_rerun_kernels\Y4_SUN_FULL_SYMBOLIC_INDEPENDENT_RERUN_2026-06-14.md","Independent-rerun report","supporting output","3595","40744B2EFAD07638F4AA00B88E70537CC21DFE90828D9516C7CE1BC13AFF7DFF"
"A60","A","08_PENTAGONAL_SEPARATE_MODEL","C:\ALL THEORY\archive\zips\pentagonal_o4_dual_cold_verification_bundle.zip","Pentagonal isotropic cap exact bundle","dual-cold exact separate model; tuned Hodge excluded","111743","F2A8B30DE1BA5F23F34C10A3102C42F000CA23F8F7EB1BBFDD9B068BB14DA54A"
"A60F1","A","08_PENTAGONAL_SEPARATE_MODEL","C:\ALL THEORY\numerics\engines\ENGINE_PENT_pentagonal_o4_minimal_representation_frontier.py","Pentagonal O4 raw representation-frontier engine","exact source; identifies raw Gram/Haar frontier without importing h4_side","9513","F54937E718803B20560F6BC5CDF2DBD50379D000A22C3F5350A3ECE2D616BE51"
"A60F2","A","08_PENTAGONAL_SEPARATE_MODEL","C:\ALL THEORY\numerics\certificates\RUN_PENT_pentagonal_o4_minimal_representation_frontier_results.json","Pentagonal O4 raw representation-frontier certificate","exact machine-readable output; 8/8 saved gates","17545","C8D4926BFFBB9D513FFA9958D1AE6CE432098FA9CCD5663812D414A44275AC2B"
"A60F3","A","08_PENTAGONAL_SEPARATE_MODEL","C:\ALL THEORY\records\transcripts\pentagonal_o4_minimal_representation_frontier_results.txt","Pentagonal O4 raw representation-frontier report","exact saved report; Fierz closure boundary stated","5459","9458217C0165CEF6752A6481F2E29A14805DD920C5E06243CEB6CA134062AA84"
"A60Z1","A","08_PENTAGONAL_SEPARATE_MODEL","C:\ALL THEORY\numerics\engines\ENGINE_FLUX_audit_stranded_zero_backend.py","Stranded-flux zero-backend audit engine","exact source; falsifies balanced-sector zero backend","12438","A42800A91809A77BBD1D339AC604EA80A234EED305377BBABBF890FEE98FDE55"
"A60Z2","A","08_PENTAGONAL_SEPARATE_MODEL","C:\ALL THEORY\numerics\certificates\AUDIT_FLUX_stranded_zero_backend_results.json","Stranded-flux zero-backend audit certificate","exact machine-readable output; 8/8 saved gates","21608","D215FA1E9CD0BDE0410EEC16C687182C30BC62FA3F28C1445FD81E93888E1D60"
"A60Z3","A","08_PENTAGONAL_SEPARATE_MODEL","C:\ALL THEORY\records\transcripts\audit_stranded_flux_zero_backend_results.txt","Stranded-flux zero-backend audit report","exact Haar witness; zero backend falsified; does not compute h4_side","1170","3955A58963268B67557F3DAD2E455BC8A4756EEA3A1266B05A1F47A139423B9B"
"C20P","C","08_PENTAGONAL_SEPARATE_MODEL","C:\ALL THEORY\records\transcripts\pentagonal_prism_O5_decisive_resolvent_results.txt","Pentagonal O5 direct-sector resolvent candidate transcript","prose-only record; no located generator or certificate; not full linked/folded coefficient","3703","A27FE4484CFD16BEC9E88CDEE11C497A82B0EA5CF22C0CF63E6B274F00CC52B5"
"C20O","C","90_SUPERSEDED","C:\ALL THEORY\archive\zips\pentagonal_verification_bundle.zip","Earlier pentagonal import-only verification bundle","superseded audit history; correctly rejected unsupported h4_side promotion","60144","ECF36CD860CE69F8B79F277AE387193FC665BE0A9020FA8554CB9C73166F6195"
"C20S","C","90_SUPERSEDED","C:\ALL THEORY\theory\theorems\THM_FLUX_strongest_formula_resolved_cellular_mobility_2026-08-20.md","Earlier strongest-formula synthesis","superseded status language; overgrades pentagonal O5 transcript as cold-reproduced","11016","555620AA302AA1C9312E81AF2B80191EC58051BFDFFBB661024A3E4472925BA8"
"B10","B","90_SUPERSEDED","C:\Users\Alex\Downloads\SU_N_Homological_Flat_Bands_and_Rank_Cubic_Spectral_Geometry.docx","Older all-rank topology derivation","safe lower-order formulas; stale higher-order status","52367","AF3A56E74FEACFD68A07A2EB95090CF9540717165649C6090037F1229EE36ED8"
"B11","B","90_SUPERSEDED","C:\Users\Alex\Downloads\GAUGE_CONSTRAINED_SPECTRAL_GEOMETRY_UNIFIED_v1_4_2026-08-08.pdf","August 8 unified review","useful local theorem and architecture; stale O4 interpretation","417729","AD6774C7CBBB61D707155102CE8A15E9972B1A2EE82F7CB038881F56D86E9ED4"
"B12","B","90_SUPERSEDED","C:\Users\Alex\Downloads\flatband paper.pdf","July flat-band paper","safe topology and conditional rigidity; historical notation","326323","A04D73EF71C4EBB4EF37C74897714E3AEEC7103701BF274187028A7C850E8AB5"
"B13N","B","90_SUPERSEDED","C:\SIMULATIONS\NOVEL_DERIVATIONS.md","Larger revised August 8 derivation audit","legacy forensic source","29483","50AABDA6824CE4E18099888DDBC3ED3E11DEE17E448BA175BB1A2883974039F8"
"B13O","C","90_SUPERSEDED","C:\Users\Alex\Downloads\NOVEL_DERIVATIONS.md","Earlier derivation audit revision","superseded by larger simulations copy","22928","05FF650CDE1B82AEF73BEA7DEDD9721064F49C2CA7BB37217864C6DF6546D53C"
"B14C","B","07_MONTE_CARLO_BRIDGE","C:\Users\Alex\Downloads\SU3_T1pm_spatial_MC_POLARIZATION_v3 (1).py","Finite-momentum polarization and MC analysis code","code only; not ensemble certificate","133805","674F0C8E34E9B9A1D18920C6F88C5815EE83BD2EE22891AC7163CF8FF2DDD6F1"
"B14N","B","07_MONTE_CARLO_BRIDGE","C:\Users\Alex\Downloads\10-su3-monte-carlo.md","Monte Carlo audit note","supporting status record","16437","8B94E41B8360A9979911560F0268FB8ABB31C494B64987F6D59B8E12D0955662"
"B15","B","90_SUPERSEDED","C:\Users\Alex\Downloads\UNIFIED_THEORY_RECORD_RANK_CUBIC_SPECTRAL_GEOMETRY_2026-08-01.md","Older unified status record","use with August corrections","25202","EA7B47C62F9ED4521DF82C628FC7CEA9EE06D393F5C1B2862AE61853E29056B9"
"C00","C","90_SUPERSEDED","C:\Users\Alex\Downloads\GLUEBALL_DETAILED_FORMULA_DOCUMENT_2026-08-20.md","Previous main formula document","superseded by v2","44191","BD9E684972C0ACACE17E585F2F038C7BAAC8ECB52A0DA3FB61C53A272F8B86A6"
"C01","C","90_SUPERSEDED","C:\Users\Alex\Downloads\GLUEBALL_DETAILED_FORMULA_DOCUMENT_2026-08-20_ADDENDUM.md","Previous addendum","folded into v2","8902","04665D092E899D6D2A5E1ACDFE727BB108593A61D5F926ABB6C2FF389241B215"
"A09E","A","02_NORMALIZATION","F:\THEORY\papers\flat_band\NORMALIZATION_ERRATUM_2026-06-14.md","Canonical coupling-label erratum","governing convention record","3091","A1B04381951DF6F4A2080E110C253E8D6F10113E579B57B19822F5E7B05D51F8"
"A09C","A","02_NORMALIZATION","F:\THEORY\programs\one_plaquette\su3_o5_consolidated_y6\GLUEBALL_COUPLING_NORMALIZATION_AUDIT_2026-06-14.md","Hamiltonian coupling audit","governing convention record","5049","D7D66C62250CD4F2F969C4CE43BB6FFCFD6AFF832B12692BA390946C51CC63F9"
"A09S","A","02_NORMALIZATION","F:\THEORY\programs\one_plaquette\su3_o5_consolidated_y6\sources\GLUEBALL_STRING_NORMALIZATION_AUDIT_2026-06-14.md","String-series normalization audit","governing convention record","2928","E5A1D1240025D29D2F1BF9AE6AFEF07A60CDEF5988003B07EBAA07098506344D"
"A09Z","A","02_NORMALIZATION","F:\THEORY\ZIP ARCHIVES\GLUEBALL_STRING_NORMALIZATION_CORRECTION_V2.zip","Atomic normalization correction archive","canonical atomic bundle","39112","421C3AD0C38F6A2D3900B2239C31219318033B5A48844A88B3AA13C6E2670DA6"
"A14M","A","03_HOMOLOGY_O2_O3","F:\THEORY\programs\one_plaquette\su3_moments_ext.py","SU3 moment helper required by domino chain","cold dependency","17214","C4F4D702BCB2DFAB2EE766A3D1B731C823AEA481E46200A8543655162456C853"
"A14D","A","03_HOMOLOGY_O2_O3","F:\THEORY\programs\one_plaquette\su3_domino_d3.py","Exact third-order domino certificate","cold 251-of-251; output path nonportable","34816","D0E9D9905D7AB17667C59B5D0AD42CA8E7733A597528B9490D5AD228C4A0D5FA"
"A14R","A","03_HOMOLOGY_O2_O3","E:\YANG\ORGANIZED\12_ONE_PLAQUETTE\domino_certificates\d3_results.json","Exact third-order domino output","cold result","853","D2D653B427E35CA80E961B58E923AB186853011149E2DE829BFC926EE44F7242"
"A14T1","A","03_HOMOLOGY_O2_O3","F:\THEORY\programs\one_plaquette\tromino_o3\tromino_contract_independent_check.py","Independent third-order contraction check","supporting exact certificate","13751","8F53B0FE892D506D21340E3FECC0C463BDCD6CEBFF01384C21353B874B345E81"
"A14T2","A","03_HOMOLOGY_O2_O3","F:\THEORY\programs\one_plaquette\tromino_o3\tromino_candidate_closed_form_check.py","Third-order closed-form check","supporting exact certificate","3572","999F702C810E4AD3623189F37C419BB4D4F2F33748235EAA248C8E513279EEB1"
"A14V","A","03_HOMOLOGY_O2_O3","F:\THEORY\programs\one_plaquette\master_v2_regression_certificate.py","Lower-order master regression","supporting certificate","9510","D1DAE1C784BB4774D329CC66E3412B2BE9781105F5CEBB4E7B9B3D26B12E8FDA"
"A23C1","A","04_HISTORICAL_SU3_O4","F:\THEORY\programs\one_plaquette\y4_o3_flatband_verification\indep_cert_check.py","Independent historical-kernel certificate check","exact fixed-kernel audit","3460","4960EBADB3D8347F73E585543B99F6359E26C357C8A83540B14A6469A2B9457E"
"A23C2","A","04_HISTORICAL_SU3_O4","F:\THEORY\programs\one_plaquette\y4_o3_flatband_verification\y4_independent_verification.py","Independent historical-kernel verification","exact fixed-kernel audit","6217","2189FD5617FBA523FC0B0F1A2B83E99409D3161903DC955A6121CA2A24F525E6"
"A23K","A","04_HISTORICAL_SU3_O4","F:\THEORY\programs\one_plaquette\y4_o3_flatband_verification\curvature_audit.log","Directional-curvature and no-Hessian audit","governing terminology correction","2856","F48D368AE47AC6A4ECAAB334036E98D4BD27FB29839BE5F13295B7E041056FDA"
"A23R","A","04_HISTORICAL_SU3_O4","F:\THEORY\programs\one_plaquette\y4_o3_flatband_verification\REVIEW_global_band_edge_certificate.md","Independent global-edge review","supporting exact audit","3412","4B66BB0C755548719BFC4B9260BCD277498C413308CC353C07216387D51D0008"
"A23S","A","04_HISTORICAL_SU3_O4","F:\THEORY\programs\one_plaquette\y4_o3_flatband_verification\SUMMARY.md","Historical O4 verification summary","supporting status record","5098","8ED9623D5DE83639793C9E280DE08235E85BAFFA0EF7716355C2F25CB6BC4812"
"A23T","A","04_HISTORICAL_SU3_O4","F:\THEORY\programs\one_plaquette\y4_o3_flatband_verification\THEOREM_Y4_FLAT_BAND_BREAKING_2026-06-13.md","Historical theorem with stale coupling label","must travel with normalization erratum","8993","061F049B42811D1F16D5927C2D021358050861238F1AAA2E3C64F961980B7AA3"
"A53Z1","A","06_ALL_RANK_O4","F:\THEORY\ZIP ARCHIVES\Y4_SUN_ALL_N_GE_3_BAND_SHAPE_BUNDLE_2026-06-14.zip","Complete all-N band-shape archive","authoritative atomic archive","217610","CAF998A7AAB36FAF89D5A08A76C2F0BE4EFA5F6C67D70723B5D1F1A7DBAA3DF9"
"A53Z2","A","06_ALL_RANK_O4","F:\THEORY\ZIP ARCHIVES\Y4_SUN_WALLED_BRAUER_FULL_SYMBOLIC_BUNDLE_2026-06-14_V2.zip","Corrected full-symbolic all-rank output archive","authoritative atomic output archive; not one-shot 35130-path regeneration","459146","F3439DA7D6067B81276212D0789607714FFA866B7F7B285141084B841176B793"
"A53Z3","A","06_ALL_RANK_O4","F:\THEORY\ZIP ARCHIVES\Y4_SUN_SYMBOLIC_QAB_COMPACT_BUNDLE.zip","Compact QAB and P17-R20 archive","authoritative dependency bundle","9624","F8449BBF6BF1C865EAF41BFB4F31FBB9C89A7D833C820D204E6D3E28FE735A13"
"A61S","A","07_MONTE_CARLO_BRIDGE","C:\Users\Alex\Downloads\SU3_T1pm_spatial_MC_nextrun.py","August finite-volume Monte Carlo source","source for structured numerical evidence","72561","73AF866AC2B593C3EC80719C202A122131BD1769982762F72DD0C6261E2A6A55"
"A61R","A","07_MONTE_CARLO_BRIDGE","C:\Users\Alex\Downloads\next14.json","August L14 Monte Carlo structured output","numerical evidence; no raw ensemble","10938","94EE3BFB9294441E4ACBA0730669DD06AD8ED5AB471A3DED532A5D100812F04B"
"A62P","A","09_PRIMARY_LITERATURE","C:\Users\Alex\Downloads\8010101.pdf","Historical Hamiltonian convention paper","primary local convention source","431169","FFB45AFDE017A1F020E98ADB8567A71CFE950F8A05406A4823A4A1717B521CAB"
"B16","B","09_PRIMARY_LITERATURE","C:\Users\Alex\Downloads\Novelty-and-Priors Literature Check C-odd SU(N) Plaquette Observables, Trigonometric Factorizations, and One-Plaquette Gap Asymptotics.md","Research-prior and novelty audit","secondary research note","23532","A96C82DAF5F3F3EB946179D0373EA39E00FD7CA0607CB48C417DFE5CED11F4D8"
"B17","B","90_SUPERSEDED","C:\Users\Alex\Downloads\su4_band_audit.md","SU4 audit note","supporting but scientifically stale in parts","5390","AA709ECFA1EADC889A13AD6AA68E762D014F6E2497C92D276ACFE3099B349F61"
"C02","C","90_SUPERSEDED","C:\Users\Alex\Downloads\GLUEBALL_DETAILED_FORMULA_DOCUMENT_2026-08-20_v2.md","Prior theorem revision","superseded by v3.1","26315","43FE1A98D085A5B5DF142DB9AF85A50D963B050FF6894ED6AB9C2F74B485EED2"
"Q00","Q","99_QUARANTINE","C:\Users\Alex\Downloads\SOURCEOFGOD.txt","Conversation transcript containing forensic leads","not canonical scientific evidence","170433","BF637392B67C20861B36E7FEBA33CC447668392A8BE7D885AE0CE7F946FE78ED"
"C03","C","90_SUPERSEDED","C:\Users\Alex\Downloads\MASTER_THEORY.md","Broad legacy master synthesis","superseded by unified master v4.2 final","126954","9FD32C05136EC5E10E09DB9BCC46DD9E86CAA42F9BADBC3B72CE3351F6227DC3"
"C04","C","90_SUPERSEDED","C:\Users\Alex\Downloads\MASTER_THEORY_UNIFIED_2026-08-20_v2.md","Partial unified-master predecessor","superseded partial draft","8942","52B7EF5C3EAA1C778A0B79D58A87A2ABC2E0C398EF7C4CDA5718A6AF5EE6C051"
"C05","C","90_SUPERSEDED","C:\Users\Alex\Downloads\GLUEBALL_SOURCE_CONSOLIDATION_GUIDE_2026-08-20_v2.md","Previous consolidation guide","superseded by guide v4.2 final","18966","0F3E359573C0C8CD5C827DF556699B14D790840A4F2E14B1BAF313ECD3C57FB4"
"C06","C","90_SUPERSEDED","C:\Users\Alex\Downloads\GLUEBALL_CANONICAL_SOURCE_MANIFEST_2026-08-20_v2.csv","Previous byte-level provenance snapshot","superseded by manifest v4.2 final","18439","31275C8EFDD2A006CD29DFD2D7720201399B3820D0C8C50B2899D66B872AF289"
"A24Z","A","04_HISTORICAL_SU3_O4","F:\THEORY\ZIP ARCHIVES\Y4_REAL_SPACE_SOS_PACKAGE.zip","Atomic historical O4 real-space SOS package","authoritative saved-kernel provenance","426851","BD3D64CAA866CE919CA1B67DC2991FF98D7D59FEB653219ED05BD5AA807D7BDA"
"A53S4","A","06_ALL_RANK_O4","F:\THEORY\ZIP ARCHIVES\SU4_CLEAN_NO_EDIT_REPRODUCED.zip","SU4 exceptional-rank fourth-order release","exact fixed-rank archive; exceptional block acts scalarly only on the physical vector","28634","9F457E21AC4EEC3D411A68027737B9E009B0A43328088863AC7B763AB30BA23E"
"A53S5","A","06_ALL_RANK_O4","F:\THEORY\ZIP ARCHIVES\SU5_FOURTH_ORDER_COMPLETE_RELEASE.zip","SU5 fourth-order release","exact fixed-rank archive","647937","EE58DCED8A854801A8FA87B9FD1B61FFC83BEBE61148A252A5A61CDD55625543"
"A53S6","A","06_ALL_RANK_O4","F:\THEORY\ZIP ARCHIVES\SU6_DETERMINANT_ARCHIVAL_V2_BUNDLE.zip","SU6 determinant-sector fourth-order release","exact fixed-rank archive","662528","DA031D7E7D576F8EBEE70DBD1EEC422111272FB8E100D5B5AF34428436162901"
"A70M","A","11_HIGHER_ORDERS_AND_SHELLS","F:\THEORY\programs\one_plaquette\su3_string_tension_native_o5\README.md","Native exact SU3 fifth-order string-tension result","source-complete; expensive regeneration; canonical u coefficient negative","8861","52D9C8711BE355657573D445E10F19B9558B42D27BB9F86B4653CD6350E26B3E"
"A70E","A","11_HIGHER_ORDERS_AND_SHELLS","F:\THEORY\programs\one_plaquette\su3_string_tension_native_o5\ftw.py","Weight-blocked finite-field sigma5 engine","source-complete exact finite-field engine","11165","6510F425B9A784CB51ED4297ABA63451A5B070A2BB38E28C113E5251FCC50045"
"A70R","A","11_HIGHER_ORDERS_AND_SHELLS","F:\THEORY\programs\one_plaquette\su3_string_tension_native_o5\sigma5_full_certificate.py","Seven-prime CRT reconstruction runner","requires regenerated phase-two pickles; hard-coded scratch staging","3494","7D2B24C209A03DE33CA506B65DCFF28C85EAB2032FBB9C8BFB21A6AE8C358E76"
"A70J","A","11_HIGHER_ORDERS_AND_SHELLS","F:\THEORY\programs\one_plaquette\su3_string_tension_native_o5\SIGMA5_EXACT_CERTIFICATE.json","Seven-prime exact sigma5 result","output certificate; 189-bit unique reconstruction; stored magnitude positive","2750","96D4ADED74D78B275EC805E1E3151E91896CE92F3921C4AE47B6CCAA6B654E27"
"A71Z","A","11_HIGHER_ORDERS_AND_SHELLS","F:\THEORY\ZIP ARCHIVES\SHELL6_O2_SYMMETRY_REDUCED_V2_COMPLETE_RELEASE.zip","Complete shell-six and shell-four/six retained-space release","cold exact atomic archive; extracted directory incomplete","77923","DE6B80140EBFB6788713073F5AA3F7C57AF0F3936450DA0EA8018BFF48974419"
"A71M","A","11_HIGHER_ORDERS_AND_SHELLS","F:\THEORY\programs\one_plaquette\shell6_o2\v2_authoritative\SHELL6_AND_SHELL46_THEOREM_V2.md","Shell-six and shell-four/six theorem note","internally cold exact retained-space theorem","3149","1974943248BE600FD9B057F5FF0686C4F56A5E7C8C40AA520951323F4311AF3A"
"A71J","A","11_HIGHER_ORDERS_AND_SHELLS","F:\THEORY\programs\one_plaquette\shell6_o2\v2_authoritative\SHELL6_O2_EXACT_CHANNEL_CERTIFICATE_V2.json","Shell-six exact channel certificate","browseable output; atomic ZIP required for cold verifier","3377","D6B0EE30D4CDA1C77B6C8579E211DE394AC9E5AC716A0973579AE5FF165F8277"
"A72Z","A","11_HIGHER_ORDERS_AND_SHELLS","C:\Users\Alex\Downloads\SU3_Y6_M6_SCRATCH_PROOF_RESULTS_V1.zip","SU3 sixth-order m6 scratch-proof outputs","two-contraction exact agreement for historical branch; source-only bundle absent","20569361","5B210362B1E21AA2F1F4956AECD8AA498E88F6A92D780180B69C72C1BAAAED5B"
"A73Z","A","11_HIGHER_ORDERS_AND_SHELLS","F:\THEORY\ZIP ARCHIVES\SU3_Y5_COMPLETE_FIFTH_ORDER_BUNDLE.zip","Complete saved SU3 fifth-order band-shape bundle","exact historical source-chain output; physical scalar branch qualified","19754675","7824EA018EA40B5F17878A58737EDC6739ECB402E0C2996FA9607AFC17604691"
"B73Z","B","11_HIGHER_ORDERS_AND_SHELLS","F:\THEORY\ZIP ARCHIVES\SU3_O5_CONSOLIDATED_AND_Y6_PREFLIGHT_2026-06-14.zip","Canonical-u O5 consolidation and Y6 preflight","historical O5 archive; Y6 preflight only","30027","C7F3D2246E5E8E15069F112D8B17877B1ADEFB210FB5B562E815BAB22F621FDB"
"A76M","A","13_ADJACENT_CAPACITY_PMBSF","F:\THEORY\programs\rooted_capacity_program\SU(3) Three-Term Local Gap (1).md","SU3 three-term local weak-well gap theorem source","proved local theorem; global rooted chain conditional","8481","61F1E42E1EFF8C18DF7EF107BDD7B561BA8AF422D6857C9EC0A135889879373E"
"A80M","A","12_ADJACENT_OP1","F:\THEORY\numerics\op12_theta\m4_scaling\M4_TC_CLOSED_FORM_2026-06-12.md","Exact finite-torus OP1 comparator closed forms","derived theorem; deterministic comparator only","17397","6396434D35CFF8696240D469349DDA64A4F2B87C33558A2F4930F02FA9ACE2EA"
"A80B","A","12_ADJACENT_OP1","F:\THEORY\programs\op1_defect_sparsity\LEMMA_B_PROOF_2026-06-12.md","Uniform continuum-side comparator bound","exact rational proof subject to cited constant intervals and envelope reduction","13093","D9979403E0BA01D7CA093CC7389E4C2AC4CDAE01985F990FDDD493431304A2CF"
"A80BC","A","12_ADJACENT_OP1","F:\THEORY\numerics\op12_theta\m4_scaling\lemma_b_cert.py","Lemma B exact certificate engine","cold exact-arithmetic core plus consistency gates","18254","363970059CC899B7671736D1DAD151EE026D461639169998BF58AE82F7937A0E"
"A80BJ","A","12_ADJACENT_OP1","F:\THEORY\numerics\op12_theta\m4_scaling\lemma_b_cert.json","Lemma B certificate output","current result","3135","344AFA3C37BAF899F89E772F7ACD10B8EDDAF277687D274C2413C76C91423512"
"A80A","A","12_ADJACENT_OP1","F:\THEORY\programs\op1_defect_sparsity\LEMMA_A_CLOSURE_2026-06-12.md","Cover-domination proof architecture","global claim pending formal interval audit; large-time region analytic","12626","3BCC6B4D4B1275A1791525DB37F0932CCD2FC515B5965D9E0B1D76458647436A"
"A80AC","A","12_ADJACENT_OP1","F:\THEORY\numerics\op12_theta\m4_scaling\lemma_a_window_cert.py","Compact-window numerical evaluator","high-precision cell sweep; not a rigorous interval certificate","10655","0DB5F6261B649F1FB1462B4B9DCB46CA690E8D61DE7D151D8E5A9A161DB478A2"
"A80AJ","A","12_ADJACENT_OP1","F:\THEORY\numerics\op12_theta\m4_scaling\lemma_a_window_cert.json","Compact-window evaluator output","strong numerical evidence; verdict label overstates rigor","1890","89ACBB4E00DE5D0D3E8DE33DA4D0D593DBBC2C28ACCA7F25CA1BCFC3603CC20E"
"A81M","A","12_ADJACENT_OP1","F:\THEORY\programs\op1_defect_sparsity\S_CHESSBOARD_ROUTE_2026-06-12.md","Plaquette-animal theorem and conditional chessboard route","animal count proved; Peierls display conditional","20815","DFDFFAD255A4390E14C760FBDA669EA0F12B9EF8B979B5D7A301BA312DEFC640"
"A81C","A","12_ADJACENT_OP1","F:\THEORY\numerics\op12_theta\s_chessboard\s_chessboard_rate.py","Animal-count and route evaluator","supporting exact enumeration and numerical checks","9567","C327859170482D1685115F34328DD6E026E050C8BD691DB7E0AA55089551FA7E"
"A81J","A","12_ADJACENT_OP1","F:\THEORY\numerics\op12_theta\s_chessboard\s_chessboard_rate.json","Animal-count and route output","supporting result","27657","16BE3920A20EE1BFDDC91D891501983F05F49434FFB72ECEB7CA4245CF9010E3"
"A82M","A","13_ADJACENT_CAPACITY_PMBSF","F:\THEORY\programs\op1_defect_sparsity\za_cap_geometry\ZA_CAP_GEOMETRY_2026-06-12.md","Bare-cap theorem and cap-rate dossier","bare theorem exact; finite prefactors numerical; far-source open","20319","8A4FD76A8918B27DFEC97724D88E79FA953307F0FFB3132348A47E119B70707E"
"A82C","A","13_ADJACENT_CAPACITY_PMBSF","F:\THEORY\programs\op1_defect_sparsity\za_cap_geometry\za_cert_v5.py","Canonical bare-cap and counterexample engine","mixed analytic verification and sampling evidence","8296","C9D66B5C0196BC883A17AAA21A4F2EDDD242D39C002C557B9CBDCF27B5DF1454"
"A82J","A","13_ADJACENT_CAPACITY_PMBSF","F:\THEORY\programs\op1_defect_sparsity\za_cap_geometry\za_cap_cert.json","Bare-cap and counterexample output","supporting mixed-status result","1941","19E2E589D2D1B6B16E58ECB7049FA4A30533429591C239476F8F241FEA3E2756"
"A82F","A","13_ADJACENT_CAPACITY_PMBSF","F:\THEORY\records\review\findings\F037_za_cap_geometry.md","Bare-cap geometry review","status firewall and counterexample record","6392","79BE1572450B1CE4273996E737EF86972A9E3522E102CF023E3F3AE0380A3F41"
"A83C","A","13_ADJACENT_CAPACITY_PMBSF","F:\THEORY\programs\op1_defect_sparsity\za_cap_geometry\za_multicap_v2.py","Multi-cap asymptotic-rate quadrature","rate theorem analytic for regular intersections; prefactor evidence numerical","5454","D42026C75A6FF85D8007E4C0D9E8CFB38CEBBF272791DB04B1F4F548BCAEEF06"
"A83J","A","13_ADJACENT_CAPACITY_PMBSF","F:\THEORY\programs\op1_defect_sparsity\za_cap_geometry\za_multicap_cert.json","Multi-cap quadrature output","four-geometry evidence; no uniform-prefactor proof","2027","73B3E330953A310097A10B6C4E51D052C9F7F7C73713E28443568A8A2062CEEE"
"A83F","A","13_ADJACENT_CAPACITY_PMBSF","F:\THEORY\records\review\findings\F038_za_multicap_rate.md","Multi-cap large-deviation review","exact exponential rate with regularity hypotheses; prefactor open","7180","D02054D377AF9D7F3A462C8131B530661316B84A7758FD7BFE65E2498F72A97F"
"B80","B","12_ADJACENT_OP1","F:\THEORY\numerics\op12_theta\RESULTS_2026-06-11.md","Finite-volume OP12 theta scan","underthermalized Monte Carlo calibration only","6197","B30B28B4D6E57B6B07D4B47C713355EC904E8ABCE2F206AE02C8FFC3295D8CC7"
"B81","B","12_ADJACENT_OP1","F:\THEORY\numerics\op12_theta\m2_certificates\M2_RESULTS_2026-06-12.md","Pair-level certificates on sampled defects","exact finite-set computations plus Monte Carlo sampling","3816","0FB85DE8408F081CBA711B55E735C89B744C633F4628A76C3BD5DE07994480D4"
"B82","B","12_ADJACENT_OP1","F:\THEORY\records\review\findings\F034_ebar1_chessboard_negative.md","Single-class chessboard obstruction","finite-volume Monte Carlo negative evidence","6963","00809B173E9B8DE34A69DF7EDFAEE4F97A55E4D1923133F3DD0BE2F71712F3C0"
"B83","B","12_ADJACENT_OP1","F:\THEORY\records\review\findings\F036_delta_max_comparator_faithfulness.md","Local SU3 curvature analysis","local law exact; global comparator ceiling architecture-conditional","9300","94E482370681D460AFEBCCE5D4225E5AF124E745CAF428B7CE2E32DDAE41A927"
"B84","B","13_ADJACENT_CAPACITY_PMBSF","F:\THEORY\records\review\findings\F043_local_amplification_quadrature.md","Local cap-amplification diagnostic","finite SU2 numerical evidence; far-source decay open","6655","0D124C0AEC59F3E96ACACEDA37C903C5C676EA14B9A86ECF16890E8D0741D908"
"B85","B","12_ADJACENT_OP1","F:\THEORY\numerics\op12_theta\m4_scaling\M4_TC_ASYMPTOTICS_2026-06-12.md","OP1 diagonal log-law and sparsity-scaling interface","exact finite-L sum; asymptotic and Peierls consequences qualified","9044","CD96E1C3004B7E51E7A095959F129C18D302E54EDF19EEAA4FCF946B73E32ECE"
"B90S","B","00_README_STATUS_MANIFEST","F:\THEORY\STATE.md","F-THEORY registry snapshot","routing authority within June snapshot; lags later Downloads evidence","23706","88DB62EA34E4106EE3CE29DBDD1072CB195949DCD43785A6C118D673EDBC8C4D"
"B90H","B","00_README_STATUS_MANIFEST","F:\THEORY\CHARTER.md","F-THEORY scope charter","governance and program-boundary source","2401","F819C982FC5F0F95A3D0B0ED90FCD8A2A6EF3A521A59C99DF8B3AF82B561FA85"
"B90C","B","00_README_STATUS_MANIFEST","F:\THEORY\theory\CHAIN_STATUS_MAP.md","June proof-chain status map","citation-safety and open-gate registry","11069","A9D7D83D4D616F484AD03DDA4DAC4D6567CF6C2CB0737528CD35C4FF05106990"
"B90V","B","90_SUPERSEDED","F:\THEORY\theory\CONVENTIONS.md","Historical convention registry","mixed and stale y row; normalization audit controls","8728","0C156D1CFFB3B83CA74B59E990289F07C3C48AA41B5507AB7837F6F9206C0508"
"B90O","B","00_README_STATUS_MANIFEST","F:\THEORY\theory\OPEN_PROBLEMS.md","Open-problem registry","program router; statuses require date comparison","28091","DC04724BCB68BD37E34143C21BA2E783111A0DC2BED5409398179CB5B9B27F8E"
"B90P","B","00_README_STATUS_MANIFEST","F:\THEORY\programs\one_plaquette\PROGRAM_INDEX.md","One-plaquette program router","use for navigation; odd sigma signs stale","9636","DD82E25A277FB396C92676103E62CDE463D703316FD5D921F2054790BA3CD31A"
"B94","B","13_ADJACENT_CAPACITY_PMBSF","F:\THEORY\records\review\findings\F026_rooted_capacity_deep_read.md","Rooted-capacity scope audit","separates local theorem from conditional global chain","4557","F09023EA2178CB8A402C95DF2FF260DA24A36F507D6956AC69352C317A644895"
"C07","C","90_SUPERSEDED","C:\Users\Alex\Downloads\MASTER_THEORY_UNIFIED_2026-08-20_v3.md","Previous unified scientific authority","superseded by v4.1","42480","134A604B96BEC35C2828E5B05AF00F1C8A51002BB43323A02E9A840D31BC766A"
"C08","C","90_SUPERSEDED","C:\Users\Alex\Downloads\GLUEBALL_SOURCE_CONSOLIDATION_GUIDE_2026-08-20_v3.md","Previous consolidation guide","superseded by guide v4","19642","2F0FC2973602B042D616CEED84C436DAC1FEA20C49DB8602F890FC4212918580"
"C09","C","90_SUPERSEDED","C:\Users\Alex\Downloads\GLUEBALL_CANONICAL_SOURCE_MANIFEST_2026-08-20_v3.csv","Previous byte-level provenance snapshot","superseded by manifest v4","19335","E11DE975C4CC3A4B4EFFEC7708ACF05FE96B8BAFD6BB39B853F50C851EC6C7A3"
"C10","C","90_SUPERSEDED","C:\Users\Alex\Downloads\MASTER_THEORY_UNIFIED_2026-08-20_v4.md","Intermediate deep-pass master","superseded by v4.1 curvature-proof correction","55458","9D305B9E62BBB2565427142421E28D3CFA7F05C686E7A871EC553D809841493E"
"C11","C","90_SUPERSEDED","F:\THEORY\programs\one_plaquette\su3_y6_m6\M6_RESULT_2026-06-15.md","Original m6 result note","superseded provisional status; retained lineage","3429","D3FF3ACE2051F422C66AE1C367583B2D1F9BFBA80B2A1C7D50F8F8444B09B19C"
"C12","C","90_SUPERSEDED","F:\THEORY\programs\one_plaquette\su3_y6_m6\M6_INDEPENDENT_VERIFICATION_2026-06-15.md","Original m6 primitive-layer verification","superseded by later output bundle; retained lineage","3205","2671CBB0EB900B212FFF74345C7033389308AED8EDD5624E38619A877ECDD96C"
"C13","C","90_SUPERSEDED","F:\THEORY\ZIP ARCHIVES\GLUEBALL_FLAT_BAND_SOURCE_RELEASE_V0_8.zip","Legacy flat-band publication snapshot","superseded coupling and exceptional-rank statuses","1665284","FF8336DA768CF82BE867B390C34B0860B241E645DC583FE316A28442396A5B06"
"C14","C","90_SUPERSEDED","C:\Users\Alex\Downloads\MASTER_THEORY_UNIFIED_2026-08-20_v4_1.md","Precondition-tightening master snapshot","superseded by v4.2","55969","337E9A2C3FE231F34C9F9A3EC15790B38D8752F0639956200003ECE262AD847A"
"C15","C","90_SUPERSEDED","C:\Users\Alex\Downloads\GLUEBALL_SOURCE_CONSOLIDATION_GUIDE_2026-08-20_v4.md","Precondition-tightening guide snapshot","superseded by guide v4.1","27349","EE908B613BD81AB2C0C6EA257659EE8741AA4C74D4201D594F3F21824064C103"
"C16","C","90_SUPERSEDED","C:\Users\Alex\Downloads\GLUEBALL_CANONICAL_SOURCE_MANIFEST_2026-08-20_v4.csv","Precondition-tightening provenance snapshot","superseded by manifest v4.1","33379","CCE54DD7E0E546D0758F21170F5BF57FA0B35661F4AA669DC8A7206950998A24"
"C17","C","90_SUPERSEDED","C:\Users\Alex\Downloads\MASTER_THEORY_UNIFIED_2026-08-20_v4_2.md","Master with corrected mathematics but stale internal version header","superseded by v4.2 final","56453","7FF37184E191F673BCC7D3ADA45C96578F3D952BA6AD5EEAF37A294C848F6975"
"C18","C","90_SUPERSEDED","C:\Users\Alex\Downloads\GLUEBALL_SOURCE_CONSOLIDATION_GUIDE_2026-08-20_v4_1.md","Guide preceding final filename alignment","superseded by guide v4.2 final","27357","17ED502C063A113B6763B28ABCF8510DBA10A185FA502C3436C03C0D1E8F1742"
"C19","C","90_SUPERSEDED","C:\Users\Alex\Downloads\GLUEBALL_CANONICAL_SOURCE_MANIFEST_2026-08-20_v4_1.csv","Provenance snapshot preceding final filename alignment","superseded by manifest v4.2 final","34124","BA693962363D329C020EAAFB1221300E13BEF4C44428636BA1C9E4A6B563D695"
"C20M","C","90_SUPERSEDED","C:\Users\Alex\Downloads\MASTER_THEORY_UNIFIED_2026-08-20_v4_2_FINAL.md","Immediate pre-pentagonal scientific authority snapshot","superseded by unified master v4.3 final","56477","90AA6287E0CB7EF81B0FCC375EC518A7E6F24F4352051FA2B63F02C605440D95"
"C20G","C","90_SUPERSEDED","C:\Users\Alex\Downloads\GLUEBALL_SOURCE_CONSOLIDATION_GUIDE_2026-08-20_v4_2_FINAL.md","Immediate pre-pentagonal navigation snapshot","superseded by guide v4.3 final","27387","ABD1289D4F9DBD82FD17B9B4126DB70907AD799004A72D814B053FF1E2156930"
"C20X","C","90_SUPERSEDED","C:\Users\Alex\Downloads\GLUEBALL_CANONICAL_SOURCE_MANIFEST_2026-08-20_v4_2_FINAL.csv","Immediate pre-pentagonal provenance snapshot","superseded by manifest v4.3 final","34964","1D0396F5AADAFFDDEEC400FA1971ED263BDCAA663617AA322929CFEA91EF82BE"
