N,group,m_0pp_over_sqrtsigma,err_0pp,m_2pp_over_sqrtsigma,err_2pp,m_1pm_over_sqrtsigma,err_1pm,gap_2pp_minus_0pp,gap_1pm_minus_2pp,ratio_2pp_over_0pp,ratio_1pm_over_0pp,ordering_0pp_lt_2pp_lt_1pm,note,source_url
2,SU(2),3.781,0.023,5.349,0.02,,,1.568,,1.414705104469717,,,C is not an independent quantum number for SU(2); no 1^{+-} entry.,https://arxiv.org/abs/2106.00364
3,SU(3),3.405,0.021,4.894,0.022,6.065,0.04,1.4890000000000003,1.1710000000000003,1.4372980910425845,1.7812041116005877,True,,https://arxiv.org/abs/2106.00364
4,SU(4),3.271,0.027,4.742,0.015,5.956,0.042,1.471,1.2140000000000004,1.4497095689391624,1.820849892999083,True,,https://arxiv.org/abs/2106.00364
5,SU(5),3.156,0.031,4.69,0.02,5.915,0.045,1.5340000000000003,1.2249999999999996,1.4860583016476554,1.8742078580481623,True,,https://arxiv.org/abs/2106.00364
6,SU(6),3.102,0.032,4.678,0.03,5.847,0.043,1.576,1.1690000000000005,1.508059316569955,1.8849129593810448,True,,https://arxiv.org/abs/2106.00364
8,SU(8),3.099,0.026,4.66,0.02,5.801,0.038,1.561,1.141,1.5037108744756373,1.87189415940626,True,,https://arxiv.org/abs/2106.00364
10,SU(10),3.102,0.037,4.594,0.025,5.776,0.041,1.4920000000000004,1.1819999999999995,1.4809800128949067,1.8620245003223728,True,,https://arxiv.org/abs/2106.00364
12,SU(12),3.151,0.033,4.646,0.03,5.741,0.06,1.495,1.0949999999999998,1.4744525547445255,1.8219612821326563,True,,https://arxiv.org/abs/2106.00364
inf,SU(∞),3.072,0.014,4.599,0.014,5.76,0.025,1.5270000000000001,1.1609999999999996,1.4970703125,1.875,True,Large-N extrapolation quoted by Athenodorou & Teper.,https://arxiv.org/abs/2106.00364
