N_label,N_numeric,gauge_group,inv_N2,m_0pp,err_0pp,m_2pp,err_2pp,m_1pm,err_1pm,gap_2pp_minus_0pp,err_gap_2pp_minus_0pp,gap_1pm_minus_2pp,err_gap_1pm_minus_2pp,ratio_2pp_over_0pp,err_ratio_2pp_over_0pp,ratio_1pm_over_0pp,err_ratio_1pm_over_0pp,ratio_1pm_over_2pp,err_ratio_1pm_over_2pp,ordering_0pp_lt_2pp_lt_1pm,source_table,source_url
2,2,SU(2),0.25,3.781,0.023,5.349,0.02,,,1.568,0.03047950130825634,,,1.414705104469717,0.01010140101221004,,,,,,34,https://arxiv.org/pdf/2106.00364
3,3,SU(3),0.1111111111111111,3.405,0.021,4.894,0.022,6.065,0.04,1.4890000000000003,0.0304138126514911,1.1710000000000003,0.04565084884205331,1.4372980910425845,0.010969189253935842,1.7812041116005877,0.01608356696739381,1.2392725786677565,0.009891276582560723,True,34,https://arxiv.org/pdf/2106.00364
4,4,SU(4),0.0625,3.271,0.027,4.742,0.015,5.956,0.042,1.471,0.030886890422961,1.2140000000000004,0.04459820624195552,1.4497095689391624,0.012815004211943181,1.820849892999083,0.019767843726217392,1.2560101223112612,0.009707310923594704,True,34,https://arxiv.org/pdf/2106.00364
5,5,SU(5),0.04,3.156,0.031,4.69,0.02,5.915,0.045,1.5340000000000003,0.036891733491393436,1.2249999999999996,0.04924428900898052,1.4860583016476554,0.015913161021755107,1.8742078580481623,0.023285549239274825,1.2611940298507462,0.010999413211678345,True,34,https://arxiv.org/pdf/2106.00364
6,6,SU(6),0.027777777777777776,3.102,0.032,4.678,0.03,5.847,0.043,1.576,0.043863424398922615,1.1690000000000005,0.052430906915673314,1.508059316569955,0.018318100698493853,1.8849129593810448,0.023879887218573464,1.2498931167165457,0.012195957836565576,True,35,https://arxiv.org/pdf/2106.00364
8,8,SU(8),0.015625,3.099,0.026,4.66,0.02,5.801,0.038,1.561,0.03280243893371345,1.141,0.04294182110716778,1.5037108744756373,0.01417072865265675,1.87189415940626,0.01992482413978697,1.2448497854077254,0.009748869163470677,True,35,https://arxiv.org/pdf/2106.00364
10,10,SU(10),0.01,3.102,0.037,4.594,0.025,5.776,0.041,1.4920000000000004,0.04465422712353221,1.1819999999999995,0.04802082881417188,1.4809800128949067,0.019416444629992476,1.8620245003223728,0.025845177804898055,1.257292120156726,0.011245595441186789,True,35,https://arxiv.org/pdf/2106.00364
12,12,SU(12),0.006944444444444444,3.151,0.033,4.646,0.03,5.741,0.06,1.495,0.04459820624195552,1.0949999999999998,0.0670820393249937,1.4744525547445255,0.01814091600989001,1.8219612821326563,0.026956855448273073,1.2356866121394747,0.015180416719227137,True,35,https://arxiv.org/pdf/2106.00364
inf,,SU(infinity),0,3.072,0.014,4.599,0.014,5.76,0.025,1.5270000000000001,0.01979898987322333,1.1609999999999996,0.028653097563788806,1.4970703125,0.008204668663347266,1.875,0.011800130208333334,1.2524461839530332,0.0066397132092424725,True,38,https://arxiv.org/pdf/2106.00364
