u,lowest_energy_O2_normal_form,second_energy_O2_normal_form,gap,lowest_shell4_weight,lowest_shell6_lower_weight,lowest_shell6_middle_weight,lowest_shell6_upper_weight
0.0,2.6666666666666665,4.0,1.3333333333333335,1.0,0.0,0.0,0.0
0.001,2.6676667015984927,3.9990429023544043,1.3313762007559116,0.9999989984763423,2.5073541832932687e-07,5.007620749246772e-07,2.500261643641088e-07
0.002,2.668666802202963,3.9980572283100213,1.3293904261070582,0.9999959876206512,1.005938683444238e-06,2.0061936076909834e-06,1.0002470575721465e-06
0.003,2.6696669619054676,3.9970429791484037,1.327376017242936,0.9999909575752943,2.2702312507674686e-06,4.521232242994911e-06,2.2509612121219846e-06
0.004,2.6706671737448784,3.9960001562417347,1.3253329824968563,0.9999838979033229,4.0484051004004386e-06,8.05111113107424e-06,4.0025804456117515e-06
0.005,2.671667430370455,3.9949287610533246,1.3232613306828696,0.999974797581667,6.345426084900708e-06,1.2601362300664882e-05,6.255629947314653e-06
0.006,2.6726677240386034,3.9938287951381923,1.321161071099589,0.9999636449940149,9.166437390635851e-06,1.8177820189054225e-05,9.010748405552277e-06
0.007,2.6736680466095,3.9927002601435935,1.3190322135340935,0.9999504279233759,1.2516763116088246e-05,2.4786625332208344e-05,1.2268688175782573e-05
0.008,2.6746683895435632,3.9915431578096388,1.3168747682660755,0.9999351335443222,1.640191197061098e-05,3.2434228218077325e-05,1.603031548933433e-05
0.009000000000000001,2.675668743897788,3.9903574899699383,1.3146887460721501,0.9999177484148933,2.0827581097261515e-05,4.1127393306313185e-05,2.0296610702735466e-05
0.01,2.6766691003219254,3.989143258552237,1.3124741582303114,0.999898258468171,2.5799660023480025e-05,5.0873203217772924e-05,2.506866858759855e-05
0.011,2.6776694490545108,3.9879004655791466,1.3102310165246358,0.999876649003498,3.132423474351188e-05,6.16790630973136e-05,3.03476986610411e-05
0.012,2.6786697799187413,3.986629113168827,1.3079593332500856,0.9998529046773531,3.740759193662893e-05,7.355270515353558e-05,3.6135025556635013e-05
0.013000000000000001,2.679670082318191,3.985329203535775,1.3056591212175839,0.9998270094938594,4.405622332534373e-05,8.650219337926805e-05,4.243208943589042e-05
0.014,2.6806703452323744,3.9840007389916035,1.303330393759229,0.999798946794925,5.1276830177976454e-05,0.00010053592845674763,4.924044644029566e-05
0.015,2.681670557212137,3.982643721945863,1.3009731647337262,0.9997686992500043,5.907632796009625e-05,0.00011566265285159388,5.656176918394911e-05
0.016,2.682670706374886,3.9812581549068966,1.2985874485320106,0.9997362488454742,6.746185113952084e-05,0.00013189145609984146,6.439784728682685e-05
0.017,2.6836707803996522,3.979844040482733,1.2961732600830809,0.9997015768736088,7.644075814974175e-05,0.00014923178029245245,7.275058794874859e-05
0.018000000000000002,2.6846707665219767,3.978401381382007,1.2937306148600305,0.9996646639211573,8.602063651682633e-05,0.00016769342576190954,8.162201656411324e-05
0.019,2.6856706515286217,3.9769301804149215,1.2912595288862998,0.9996254898574917,9.620930815502483e-05,0.00018728655697564117,9.10142773774827e-05
0.02,2.6866704217521016,3.9754304404942307,1.288760018742129,0.9995840338223422,0.00010701483483652839,0.00020802170864123683,0.0001009296341801156
0.021,2.6876700630650334,3.9739021646362995,1.286232101571266,0.9995402742130829,0.00011844552384100553,0.0002299097920285633,0.00011137047104754557
0.022,2.688669560874297,3.972345355962124,1.2836757950878268,0.9994941886715769,0.00013050993379078857,0.0002529621015141099,0.0001223392931183254
0.023,2.6896689001150045,3.9707600176984754,1.281091117583471,0.999445754070555,0.00014321688067776308,0.00027719032135305497,0.0001338387274140557
0.024,2.6906680652442714,3.969146153179017,1.2784780879347455,0.9993949464995262,0.0001565754440882858,0.0003026065326847707,0.00014587152370082842
0.025,2.6916670402347975,3.967503765845494,1.2758367256106964,0.9993417412501971,0.0001705949736326661,0.0003292232207776698,0.00015844055539222736
0.026000000000000002,2.692665808568232,3.9658328592489482,1.2731670506807165,0.9992861128014003,0.00018528509558601177,0.0003570532825195221,0.00017154882049402845
0.027,2.693664353228337,3.964133437050986,1.2704690838226491,0.9992280348035024,0.00020065571974749378,0.00038611003415957935,0.00018519944259075356
0.028,2.694662656693932,3.9624055030250456,1.2677428463311138,0.9991674800622912,0.00021671704652536373,0.0004164072193090719,0.00019939567187423208
0.029,2.695660700931629,3.9606490610577954,1.2649883601261664,0.9991044205223236,0.00023347957425530252,0.00044795901720686435,0.00021414088621433773
0.03,2.696658467388334,3.9588641151504502,1.2622056477621162,0.9990388272497105,0.0002509541067600542,0.000480780051257323,0.00022943859227205813
0.031,2.6976559369835247,3.957050669420238,1.2593947324367134,0.998970670414339,0.00026915176115849954,0.0005148853978476614,0.00024529242665507854
0.032,2.6986530901012924,3.955208728101859,1.2565556380005667,0.9988999192714992,0.00028808397593270033,0.0005502905954522654,0.0002617061571160243
0.033,2.6996499065821475,3.9533382955489937,1.2536883889668462,0.9988265421429127,0.00030776251926180917,0.0005870116540318654,0.00027868368379357043
0.034,2.7006463657145736,3.9514393762358555,1.250793010521282,0.998750506397136,0.0003281994976319861,0.0006250650647355256,0.0002962290404965512
0.035,2.701642446226334,3.9495119747588183,1.2478695285324841,0.9986717784293225,0.00034940736473189815,0.0006644678099138378,0.0003143463960312557
0.036000000000000004,2.702638126275518,3.9475560958380385,1.2449179695625205,0.9985903236403326,0.0003713989306437596,0.0007052373734519456,0.0003330400555720842
0.037,2.703633383441325,3.9455717443191776,1.2419383608778527,0.9985061064151531,0.00039418737134016776,0.0007473917514312654,0.0003523144620756965
0.038,2.704628194714574,3.943558925175142,1.2389307304605683,0.9984190901006342,0.00041778623849751185,0.0007909494631291736,0.0003721741977388384
0.039,2.705622536487941,3.941517643507873,1.2358951070199318,0.9983292369824966,0.0004422094696370865,0.0008359295623661697,0.00039262398549998027
0.04,2.7066163845459053,3.939447904550223,1.2328315200043178,0.9982365082615995,0.0004674713986054392,0.0008823516492103287,0.00041366869058489917
0.041,2.707609714054406,3.9373497136678326,1.2297399996134266,0.9981408640294483,0.0004935867664060858,0.0009302358820492921,0.00043531332209634135
0.042,2.708602499550199,3.935223076361097,1.2266205768108982,0.9980422632429167,0.0005205707323950159,0.0009796029900402516,0.0004575630346478901
0.043000000000000003,2.709594714929908,3.9330679982671803,1.2234732833372721,0.9979406636981558,0.0005484388858530871,0.0010304742859488655,0.00048042313004211223
0.044,2.7105863334387514,3.9308844851620792,1.2202981517233278,0.9978360220036699,0.0005772072579487569,0.001082871679388264,0.0005038990589930951
0.045,2.71157732765896,3.928672542962732,1.2170952153037717,0.9977282935525316,0.0006068923341053316,0.0011368176904698443,0.0005279964228934324
0.046,2.7125676694978424,3.926432177729235,1.2138645082313926,0.997617432493709,0.0006375110667872083,0.0011923354638777466,0.0005527209756256685
0.047,2.71355733017553,3.9241633956670516,1.2106060654915218,0.9975033917024819,0.0006690808887205475,0.0012494487833795147,0.0005780786254182985
0.048,2.714546280212349,3.9218662031293356,1.2073199229169869,0.9973861227499039,0.0007016197265640154,0.0013081820867856322,0.0006040754367462295
0.049,2.7155344894158517,3.9195406066192793,1.2040061172034275,0.9972655758713067,0.0007351460150461901,0.0013685604813712226,0.0006307176322757218
0.05,2.716521926867462,3.917186612792567,1.200664685925105,0.997141699933786,0.0007696787115867487,0.0014306097597735475,0.0006580115948537481
0.051000000000000004,2.7175085609087524,3.914804228459832,1.1972956675510797,0.9970144424026598,0.000805237311419236,0.0014943564163793716,0.0006859638695416107
0.052000000000000005,2.7184943591273174,3.9123934605892594,1.193899101461942,0.9968837493068564,0.0008418418632340249,0.0015598276642167688,0.0007145811656927443
0.053,2.7194792883422574,3.909954316309187,1.1904750279669298,0.9967495652031981,0.000879512985360779,0.0016270514523664139,0.0007438703590744694
0.054,2.72046331458924,3.9074868029108214,1.1870234883215813,0.9966118331395479,0.0009182718825104932,0.0016960564839078463,0.000773838494033487
0.055,2.721446403105141,3.9049909278509856,1.1835445247458445,0.9964704946167805,0.0009581403630981425,0.0017668722344167205,0.0008044927857048376
0.056,2.7224285183122454,3.9024666987549996,1.1800381804427542,0.996325489549539,0.000999140857167517,0.0018395289710295114,0.0008358406222639397
0.057,2.7234096238020022,3.8999141234195656,1.1765044996175633,0.9961767562257443,0.0010412964349412939,0.0019140577720929098,0.0008678895672214145
0.058,2.724389682318315,3.8973332098157836,1.1729435274974684,0.9960242312648054,0.0010846308260195536,0.0019904905474152188,0.0009006473617600941
0.059000000000000004,2.7253686557403594,3.8947239660922235,1.1693553103518641,0.9958678495744964,0.0011291684392517034,0.002068860059138152,0.0009341219271138095
0.06,2.726346505064903,3.8920864005780746,1.1657398955131715,0.9957075443064577,0.0011749343833072372,0.0021491999432476268,0.0009683213669872815
0.061,2.727323190388138,3.8894205217863895,1.1620973313982517,0.9955432468102687,0.0012219544879720928,0.002231544731742892,0.00100325397001644
0.062,2.7282986708869776,3.8867263384174073,1.1584276675304297,0.9953748865860494,0.0012702553261983477,0.002315929875483861,0.0010389282122683801
0.063,2.7292729047998328,3.8840038593619512,1.1547309545621185,0.9952023912355461,0.001319864236936437,0.002402391767737307,0.001075352759780164
0.064,2.7302458494068333,3.881253093704954,1.1510072442981207,0.9950256864116421,0.0013708093487796794,0.0024909677684428425,0.0011125364711353292
0.065,2.7312174610094853,3.8784740507290034,1.1472565897195182,0.9948446957662485,0.0014231196044530926,0.0025816962292208325,0.0011504884000772377
0.066,2.7321876949097486,3.8756667399180826,1.143479045008334,0.994659340896519,0.001476824786178724,0.0026746165191443476,0.001189217798157856
0.067,2.7331565053885143,3.8728311709612897,1.1396746655727754,0.9944695412893284,0.0015319555419521715,0.00276976905129863,0.001228734117420813
0.068,2.7341238456834627,3.8699673537567456,1.135843508073283,0.9942752142639658,0.0015885434127654466,0.002867195310151672,0.001269047013117125
0.069,2.73508966796629,3.8670752984155796,1.1319856304492895,0.9940762749129737,0.0016466208608136598,0.002966937879760676,0.0013101663464521176
0.07,2.7360539233192807,3.864155015265957,1.1281010919466765,0.9938726360410742,0.0017062212987240771,0.003069040472839583,0.0013521021873616835
0.07100000000000001,2.7370165617111994,3.8612065148573356,1.1241899531461361,0.9936642081021225,0.0017673791198477386,0.0031735479607136125,0.0013948648173159955
0.07200000000000001,2.7379775319724957,3.858229807964697,1.1202522759922013,0.9934508991340074,0.0018301297296560862,0.003280506404187835,0.0014384647321485503
0.073,2.7389367817697887,3.855224905592973,1.116288123823184,0.9932326146914486,0.0018945095782860817,0.0033899630853570905,0.001482912644908264
0.074,2.7398942575796155,3.8521918189815736,1.1122975614019581,0.9930092577766023,0.0019605561942797533,0.0035019665403857076,0.0015282194887320944
0.075,2.7408499046614203,3.8491305596089975,1.1082806549475772,0.9927807287674126,0.00202830821956595,0.003616566593286184,0.0015743964197355291
0.076,2.7418036670297568,3.846041139197587,1.10423747216783,0.9925469253436212,0.002097805445733947,0.0037338143907267073,0.0016214548199179116
0.077,2.7427554874256876,3.842923569718418,1.1001680822927304,0.9923077424103716,0.0021690888516507794,0.003853762437898253,0.001669406300079465
0.078,2.7437053072873483,3.8397778633962747,1.0960725561089264,0.9920630720193035,0.0022422006424766315,0.003976464635472881,0.0017182627027465503
0.079,2.7446530667196516,3.836604032714802,1.0919509659951503,0.991812803287078,0.002317184290134742,0.0041019763176857555,0.0017680361051014162
0.08,2.7455987044631107,3.833402090421744,1.0878033859586331,0.9915568223112189,0.0023940845752945987,0.0042303542915738965,0.0018187388219123469
0.081,2.7465421578617466,3.830172049534351,1.0836298916726044,0.9912950120832033,0.002472947630930268,0.004361656877406117,0.0018703834084599588
0.082,2.747483362830055,3.8269139233449074,1.0794305605148526,0.9910272523986886,0.0025538209875178596,0.004495943950338813,0.0019229826634548422
0.083,2.748422253819005,3.8236277254263986,1.0752054716073935,0.9907534197647861,0.002636753619938918,0.004633276983333554,0.001976549631941473
0.084,2.7493587637810326,3.820313469638352,1.0709547058573192,0.9904733873042834,0.002721795996160296,0.004773719091373293,0.002031097608183073
0.085,2.7502928241340054,3.8169711701327653,1.0666783459987599,0.9901870246567012,0.002809000127762905,0.004917335077014506,0.0020866401385214476
0.08600000000000001,2.7512243647241195,3.8136008413602864,1.062376476636167,0.9898941978760853,0.0028984196223955775,0.005064191477313638,0.002143191024205407
0.08700000000000001,2.7521533137876983,3.810202498076434,1.0580491842887358,0.9895947693254172,0.0029901097382340385,0.005214356612167371,0.002200764324181287
0.088,2.753079597911856,3.8067761553480706,1.0536965574362145,0.9892885975675284,0.0030841274405275037,0.00536790063410636,0.0022593743578380038
0.089,2.7540031419939974,3.8033218285599926,1.0493186865659951,0.9889755372523977,0.0031805314603196915,0.005524895579583467,0.002319035707698996
0.09,2.7549238692001023,3.799839533421711,1.0449156642216089,0.9886554390007137,0.003279382355435066,0.005685415421798286,0.0023797632220527603
0.091,2.7558417009217697,3.7963292859743816,1.0404875850526119,0.9883281492835628,0.0033807425738241656,0.005849536125099807,0.002441572017512827
0.092,2.756756556731971,3.7927911025979437,1.0360345458659728,0.9879935102981243,0.0034846765193672093,0.0060173357010109806,0.0025044774814977915
0.093,2.7576683543394895,3.7892250000184093,1.0315566456789198,0.9876513598392217,0.0035912506202388306,0.006188894265918489,0.0025684952746211037
0.094,2.758577009541972,3.7856309953153544,1.0270539857733825,0.9873015311666071,0.0037005333999411767,0.006364294100472335,0.0026336413329795163
0.095,2.7594824361775854,3.7820091059296095,1.022526669752024,0.9869438528678132,0.003812595551117999,0.006543619710740186,0.0026999318703286404
0.096,2.760384546075201,3.77835934967112,1.0179748035959193,0.9865781487164378,0.003927510012266955,0.006726957891162144,0.0027673833801329776
0.097,2.761283249003081,3.7746817447270242,1.0133984957239432,0.9862042375256993,0.0040453520474722,0.00691439778935164,0.0028360126374769833
0.098,2.762178452616011,3.770976309669942,1.0087978570539309,0.9858219329971019,0.004166199329285615,0.007106030972789247,0.0029058367008230617
0.099,2.763070062400823,3.7672430634664495,1.0041730010656265,0.9854310435640532,0.004290132024889844,0.007301951497455657,0.0029768729136010496
0.1,2.7639579816202673,3.7634820254857733,0.999524043865506,0.9850313722302534,0.004417232885682636,0.0075022559784508605,0.003049138905612947
0.101,2.764842111255171,3.759693215508754,0.9948511042535828,0.9846227164026907,0.004547587340427627,0.007707043662646169,0.0031226525942355905
0.10200000000000001,2.7657223499448387,3.7558766537369426,0.9901543037921039,0.9842048677190568,0.004681283592124423,0.00791641650341638,0.003197432185402767
0.10300000000000001,2.7665985939256204,3.752032360802004,0.9854337668763837,0.983777611869399,0.004818412718755848,0.00813047923749813,0.003273496174346976
0.10400000000000001,2.767470736967607,3.748160357775335,0.9806896208077283,0.9833407284118209,0.004959068778078135,0.008349339464021012,0.0033508633460799307
0.105,2.7683386703093817,3.7442606661778863,0.9759219958685046,0.982893990582026,0.005103348916627521,0.008573107725757067,0.0034295527755893625
0.106,2.769202282590764,3.740333307990292,0.971131025399528,0.9824371650965159,0.005251353483122794,0.00880189759263319,0.0035095838277282615
0.107,2.770061459783489,3.736378305663208,0.9663168458797187,0.9819700119492237,0.005403186146453585,0.00903582574755111,0.0035909761567715277
0.108,2.7709160851197443,3.7323956821279047,0.9614795970081604,0.9814922842013807,0.0055589540184497405,0.009275012074556704,0.0036737497056125883
0.109,2.7717660390185044,3.728385460807152,0.9566194217886475,0.9810037277643895,0.0057187677816381175,0.009519579749400592,0.0037579247045718056
0.11,2.7726111990095896,3.7243476656263512,0.9517364666167616,0.9805040811754856,0.005882741822200013,0.009769655332528552,0.003843521669785904
0.111,2.7734514396553713,3.7202823210249387,0.9468308813695674,0.97999307536596,0.006050994368354228,0.010025368864539846,0.003930561401146217
0.112,2.7742866324700493,3.716189451968082,0.9419028194980328,0.9794704334217051,0.006223647634396866,0.010286853964146959,0.004019064979751267
0.113,2.7751166458364356,3.7120690839586445,0.936952438122209,0.9789358703358498,0.006400827970643254,0.01055424792866951,0.004109053764837232
0.114,2.7759413449201356,3.7079212430494604,0.9319798981293248,0.9783890927532382,0.00658266601952406,0.01082769183708997,0.004200549390147584
0.115,2.776760591581079,3.7037459558558927,0.9269853642748136,0.9778297987065031,0.006769296878100963,0.011107330655695562,0.004293573759700612
0.116,2.7775742442822873,3.699543249568673,0.9219690052863858,0.9772576773434847,0.006960860267277321,0.011393313346326822,0.004388149042911381
0.117,2.7783821579958015,3.6953131519670976,0.9169309939712962,0.9766724086457398,0.007157500707991219,0.011685792977247221,0.004484297669021778
0.11800000000000001,2.7791841841056857,3.6910556914325054,0.9118715073268198,0.9760736631378766,0.007359367704690218,0.011984926836643364,0.004582042320789615
0.11900000000000001,2.7799801703079963,3.686770896962047,0.9067907266540507,0.9754611015874559,0.007566615936400626,0.012290876548758777,0.004681405927384809
0.12,2.7807699605076386,3.682458798182836,0.9016888376751973,0.9748343746951911,0.0077794054557146506,0.012603808192656588,0.004782411656437648
0.121,2.781553394712007,3.6781194253663814,0.8965660306543746,0.9741931227751847,0.007997901896035052,0.012923892423599438,0.0048850829051808
0.122,2.7823303089212983,3.6737528094433736,0.8914225005220753,0.9735369754249232,0.008222276687428573,0.013251304597024907,0.004989443290623421
0.123,2.783100535015416,3.6693589820188124,0.8862584470033963,0.9728655511847685,0.008452707281454138,0.013586224895085257,0.005095516638692101
0.124,2.7838639006373356,3.664937975387437,0.8810740747501016,0.9721784571866727,0.008689377385347597,0.013928838455710071,0.005203326972269577
0.125,2.784620229072837,3.660489822549556,0.8758695934767191,0.9714752887918489,0.008932477205957074,0.014279335504135876,0.005312898498058246
0.126,2.7853693391264986,3.6560145572272162,0.8706452181007176,0.9707556292171303,0.009182203703841539,0.014637911486836776,0.005424255592191578
0.127,2.786111044993816,3.651512213880666,0.8654011688868501,0.9700190491497575,0.009438760857959432,0.015004767207771443,0.005537422784511811
0.128,2.786845156129352,3.646982827725248,0.8601376715958957,0.9692651063503347,0.009702359941389033,0.015380108966847862,0.005652424741427961
0.129,2.7875714771107933,3.6424264347486397,0.8548549576378464,0.9684933452437082,0.009973219808540624,0.01576414870048788,0.005769286247263627
0.13,2.788289807498784,3.6378430717283945,0.8495532642296104,0.9677032964975079,0.010251567194338236,0.016157104124155094,0.005888032183999024
0.131,2.7889999416924223,3.6332327762499177,0.8442328345574954,0.9668944765881479,0.010537637025860637,0.016559198876685024,0.006008687509306218
0.132,2.7897016687802907,3.62859558672477,0.8388939179444792,0.9660663873540377,0.010831672746954934,0.016970662666235776,0.006131277232771622
0.133,2.7903947723868954,3.623931542409337,0.8335367700224414,0.9652185155358088,0.011133926656348717,0.017391731417648312,0.0062558263901941955
0.134,2.7910790305143793,3.6192406834238566,0.8281616529094773,0.9643503323033749,0.011444660259805414,0.017822647420978475,0.006382360015841272
0.135,2.7917542153793873,3.6145230507718367,0.8227688353924494,0.9634612927696445,0.011764144636885668,0.0182636594809305,0.006510903112539229
0.136,2.7924200932449392,3.6097786863597996,0.8173585931148604,0.9625508354907509,0.012092660822892941,0.018715023066887587,0.006641480619468442
0.137,2.7930764242471873,3.60500763301738,0.8119312087701926,0.9616183819526721,0.012430500206602151,0.019177000463198802,0.006774117377527012
0.138,2.793722962216921,3.600209934517811,0.8064869723008901,0.9606633360441628,0.012777964944379999,0.01964986091933777,0.006908838092119744
0.139,2.794359454495676,3.5953856355987175,0.8010261811030417,0.9596850835159375,0.013135368391330634,0.020133880799508674,0.007045667293223168
0.14,2.794985641746324,3.5905347819832683,0.7955491402369441,0.9586829914261003,0.013503035550107819,0.02062934373122239,0.0071846292925695
0.14100000000000001,2.7956012577580025,3.585657420401641,0.7900561626436384,0.9576564075718421,0.013881303538055431,0.021136540752316822,0.0073257481377858955
0.14200000000000002,2.796206029245245,3.5807535986128247,0.7845475693675796,0.9566046599075004,0.01427052207334692,0.021655770455835128,0.007469047563317219
0.14300000000000002,2.796799675641191,3.57582336542673,0.7790236897855389,0.9555270559491154,0.014671053980811683,0.022187339132118854,0.007614550937954102
0.14400000000000002,2.797381908884724,3.5708667707265516,0.7734848618418275,0.9544228821656792,0.015083275718142533,0.022731560907398897,0.007762281208779493
0.145,2.7979524332014405,3.5658838654914686,0.7679314322900281,0.9532914033573648,0.01550757792319115,0.023288757878104378,0.007912260841339837
0.146,2.798510944878285,3.5608747018195643,0.7623637569412796,0.9521318620210757,0.015944365983063175,0.02385926024002213,0.00806451175583917
0.147,2.799057132031756,3.5558393329509674,0.7567822009192113,0.950943477703759,0.016394060625731302,0.02444340641136292,0.00821905525914663
0.148,2.7995906743695667,3.5507778132912744,0.7511871389217077,0.9497254463440239,0.01685709853488157,0.025041543148694313,0.008375911972400344
0.149,2.8001112429456265,3.545690198435073,0.7455789554894463,0.948476939602695,0.01733393298871488,0.025654025654606498,0.008535101753983459
0.15,2.8006184999082664,3.54057654518968,0.7399580452814134,0.9471971041830795,0.01782503452341092,0.026281217675869644,0.008696643617639945
0.151,2.801112098241594,3.535436911598995,0.7343248133574014,0.945885061141826,0.01833089162195475,0.02692349159072761,0.008860555645491586
0.152,2.8015916814999002,3.530271356967418,0.7286796754675176,0.9445399051914146,0.018852011429018392,0.027581228483856197,0.009026854895710715
0.153,2.8020568835350375,3.5250799418838192,0.7230230583487818,0.9431607039954705,0.019388920492555393,0.02825481820737814,0.009195557304596192
0.154,2.8025073282167154,3.5198627282455375,0.717355400028822,0.9417464974582603,0.019942165532750508,0.02894465942619286,0.009366677582795852
0.155,2.8029426291456523,3.514619779282307,0.7116771501366546,0.9402962970099328,0.02051231423892801,0.02965115964572701,0.009540229105412272
0.156,2.803362389359567,3.509351159580049,0.7059887702204817,0.9388090848892398,0.021099956094978962,0.030374735220056206,0.009716223795725093
0.157,2.8037662010319773,3.5040569351045665,0.7002907340725892,0.9372838134257493,0.021705703233813985,0.031115811338175918,0.009894672002260558
0.158,2.8041536451638343,3.4987371732249395,0.6945835280611052,0.9357194043237453,0.02233019132129419,0.03187482198602498,0.010075582368935621
0.159,2.8045242912680077,3.4933919427366726,0.6888676514686649,0.9341147479503233,0.022974080470004883,0.03265220988166768,0.010258961698004247
0.16,2.804877697046681,3.488021313884425,0.6831436168377438,0.9324687026304586,0.02363805618316357,0.033448426380844,0.01044481480553398
0.161,2.8052134080617397,3.4826253583842774,0.6774119503225378,0.9307800939521191,0.024322830328850957,0.03426393134988505,0.010633144369145005
0.162,2.8055309573982843,3.477204149445447,0.6716731920471628,0.929047714084876,0.02502914214462223,0.03509919300275652,0.0108239507677452
0.163,2.8058298653213907,3.4717577617913453,0.6659278964699546,0.9272703211157812,0.025757759272444006,0.03595468769876821,0.011017231913006752
0.164,2.806109638926341,3.4662862716798264,0.6601766327534855,0.9254466384066998,0.026509478823734153,0.036830899697230676,0.01121298307233531
0.165,2.806369771782526,3.4607897569225847,0.6544199851400587,0.9235753539777045,0.027285128474111506,0.03772832086508528,0.011411196683099053
0.166,2.8066097435713364,3.4552682969034993,0.6486585533321629,0.9216551199215799,0.02808556758726256,0.03864745033325862,0.011611862157898788
0.167,2.8068290197183345,3.4497219725958495,0.6428929528775149,0.9196845518549903,0.028911688367111804,0.03958879409721585,0.011814965680681907
0.168,2.8070270510201283,3.444150866578159,0.6371238155580308,0.9176622284123436,0.02976441703723435,0.04055286455689466,0.01202048999352765
0.169,2.8072032732663734,3.4385550630486272,0.6313517897822538,0.9155866907889927,0.030644715046150003,0.0415401799908993,0.012228414173957855
0.17,2.8073571068574426,3.4329346478378793,0.6255775409804367,0.9134564423409409,0.03155358029685476,0.04255126395953782,0.01243871340266656
0.171,2.8074879564183273,3.4272897084198837,0.6198017520015564,0.9112699482488881,0.03249204839855744,0.04358664463095816,0.012651358721596307
0.17200000000000001,2.8075952104094575,3.4216203339208,0.6140251235113423,0.9090256352550903,0.0334611939382317,0.044646854024338246,0.012866316782339673
0.17300000000000001,2.8076782407351835,3.4159266151256484,0.608248374390465,0.9067218914821927,0.034462131769143554,0.04573242716376546,0.013083549584898156
0.17400000000000002,2.8077364023507756,3.410208644482402,0.6024722421316264,0.9043570663439588,0.03549601831303731,0.04684390113611696,0.013303014206887006
0.17500000000000002,2.807769032868872,3.4044665161033936,0.5966974832345215,0.9019294705585308,0.03656405287215449,0.04798181404596379,0.013524662523351038
0.176,2.807775452166442,3.3987003257637474,0.5909248735973054,0.899437376275708,0.037667478946657534,0.049146703860206135,0.013748440917428498
0.177,2.8077549619934143,3.392910170896442,0.5851552089030276,0.8968790173305043,0.03880758555242706,0.05033910713487699,0.0139742899821917
0.178,2.8077068455842764,3.3870961505839294,0.579389304999653,0.8942525896361498,0.039985708533478194,0.05155955761628218,0.014202144214089635
0.179,2.8076303672740504,3.381258365545718,0.5736279982716677,0.8915562517305279,0.04120323186252795,0.05280858470841664,0.014431931698527804
0.18,2.807524772120207,3.3753969181218495,0.5678721460016427,0.8887881254909766,0.0424615889223903,0.05408671179839194,0.014663573788240954
0.181,2.8073892855322287,3.3695119122516966,0.5621226267194679,0.8859462970332691,0.04376226376002537,0.05539445443145797,0.014896984775247295
0.182,2.8072231129106777,3.3636034534478467,0.556380340537169,0.8830288178114911,0.04510679230409352,0.05673231832709539,0.015132071557320029
0.183,2.8070254392977985,3.357671648764626,0.5506462094668274,0.8800337059364666,0.046496763535849146,0.05810079722761478,0.015368733300069612
0.184,2.806795429041856,3.351716606760799,0.5449211777189431,0.8769589477312433,0.04793382060211541,0.05950037057073559,0.015606861095905792
0.185,2.806532225477583,3.345738437456136,0.539206211978553,0.8738024995430396,0.04941966185789111,0.06093150097773505,0.015846337621334052
0.186,2.806234950625326,3.3397372522812274,0.5335023016559015,0.8705622898318369,0.05095604182492792,0.06239463154898978,0.016087036794245373
0.187,2.805902704911633,3.3337131640201685,0.5278104591085353,0.8672362215566123,0.052544772051255746,0.0638901829590603,0.016328823433071932
0.188,2.8055345669142793,3.3276662867456475,0.5221317198313682,0.8638221748808443,0.054187721855277635,0.06541855034396282,0.016571552919915283
0.189,2.805129593134884,3.3215967357457514,0.5164671426108676,0.8603180102195148,0.05588681893660465,0.06698009997388435,0.016815070869996344
0.19,2.8046868178025455,3.315504627442178,0.5108178096396325,0.8567215716503243,0.057644049834240714,0.06857516570540208,0.01705921281003308
0.191,2.804205252712078,3.30939007929911,0.505184826587032,0.8530306907120819,0.05946146021123045,0.07020404520826123,0.01730380386842607
0.192,2.8036838871006986,3.303253209722277,0.4995693226215785,0.849243190613428,0.06134115494320899,0.07186699596295802,0.017548658480405255
0.193,2.803121687567203,3.2970941379476177,0.4939724503804146,0.8453568908748932,0.06328529798670182,0.07356423102681699,0.017793580111588127
0.194,2.802517598037917,3.2909129839188855,0.48839538588096865,0.8413696124270458,0.06529611200133428,0.07529591456793251,0.018038361003687185
0.195,2.8018705397838812,3.284709868153718,0.4828393283698369,0.83727918318679,0.06737587769848646,0.07706215716831524,0.01828278194640807
0.196,2.801179411493964,3.278484911597375,0.477305500103411,0.8330834441329674,0.06952693288731737,0.07886301089983985,0.018526612079875392
0.197,2.800443089408791,3.272238235463764,0.47179514605497275,0.8287802559011481,0.07175167118746437,0.08069846417917148,0.018769608732216385
0.198,2.799660427520525,3.26596996106293,0.4663095335424048,0.8243675059157044,0.07405254037632925,0.0825684364107492,0.01901151729721703
0.199,2.7988302578437345,3.2596802096145865,0.460849951770852,0.8198431160751668,0.07643204033741746,0.08447277243018185,0.019252071157234287
0.2,2.797951390762696,3.2533691020469866,0.45541771128429076,0.8152050510041466,0.07889272057505797,0.08641123676400303,0.019490991656792415
0.201,2.7970226154605826,3.247036758780675,0.4500141433200926,0.8104513268819399,0.08143717725980504,0.08838350772574198,0.019727988132513315
0.202,2.7960427004361055,3.2406832994964927,0.4446405990603872,0.8055800208540977,0.08406804976809865,0.090389171372597,0.01996275800520651
0.203,2.7950103941131372,3.2343088428874363,0.439298448774299,0.8005892810288434,0.0867880166793421,0.09242771535172785,0.02019498694008648
0.20400000000000001,2.7939244255489237,3.2279135063938744,0.4339890808449507,0.795477337055183,0.08959979119344876,0.0944985226702127,0.020424349081155837
0.20500000000000002,2.7927835052463554,3.22149740592174,0.4287139006753846,0.7902425112736894,0.09250611593236596,0.09660086542812664,0.020650507365817663
0.20600000000000002,2.7915863260756906,3.215060655543406,0.42347432946771546,0.7848832304245822,0.0955097570898808,0.09873389855982562,0.02087311392571161
0.20700000000000002,2.7903315643109354,3.208603367180982,0.4182718028700467,0.7793980378904442,0.0986134978954964,0.10089665363443587,0.021091810579622883
0.20800000000000002,2.789017880785802,3.2021256502719075,0.4131077694861056,0.7737856064430331,0.10182013136027585,0.10308803277262198,0.0213062294240695
0.209,2.7876439221738596,3.195627611416772,0.4079836892429123,0.7680447514550104,0.10513245227532211,0.10530680274285156,0.021515993526816032
0.21,2.786208322397078,3.1891093540094873,0.4029010316124091,0.7621744445281771,0.10855324843717427,0.10755158930656121,0.021720717728087605
0.211,2.7847097041664064,3.182570977849966,0.3978612736835596,0.7561738274797671,0.11208529107889909,0.10982087188767356,0.021920009553660035
0.212,2.7831466806574885,3.176012578739743,0.39286589808225436,0.7500422266180663,0.1157313244909483,0.11211297864772994,0.02211347024325539
0.213,2.7815178573238426,3.169434248060999,0.38791639073715656,0.7437791672275588,0.11949405482231718,0.11442608205333314,0.022300695896791182
0.214,2.779821833849086,3.162836072339725,0.383014238490639,0.7373843881726715,0.12337613805985705,0.11675819502747577,0.02248127873999594
0.215,2.77805720623881,3.15621813279393,0.37816092655512,0.7308578565177893,0.12738016719201856,0.11910716778047441,0.022654808509717576
0.216,2.7762225690517224,3.1495805048679983,0.37335793581627597,0.7241997820497171,0.13150865857290053,0.12147068541947106,0.022820873957911287
0.217,2.77431651776852,3.142923257754482,0.36860673998596205,0.7174106315776874,0.13576403751294855,0.1238462664375523,0.022979064471811923
0.218,2.7723376512957527,3.1362464539049797,0.363908802609227,0.7104911428751977,0.14014862313428578,0.12623126218434402,0.02312897180617221
0.219,2.7702845746005638,3.129550148531832,0.35926557393126846,0.7034423381179062,0.14466461254124333,0.12862285741915394,0.02327019192169677
0.22,2.768155901470813,3.1228343891027213,0.35467848763190846,0.6962655366627519,0.14931406437006145,0.13101807204523921,0.023402326921947384
0.221,2.7659502573935577,3.1160992148304683,0.35014895743691055,0.6889623670056498,0.1540988817959543,0.13341376411934125,0.023524987079054385
0.222,2.763666282543352,3.1093446561607125,0.34567837361736053,0.6815347777489126,0.15902079509043154,0.13580663422408612,0.023637792936569587
0.223,2.7613026348701513,3.102570734260128,0.3412680993899766,0.6739850474051744,0.16408134383703413,0.13819323128202018,0.0237403774757713
0.224,2.7588579932750203,3.0957774605084785,0.3369194672334581,0.6663157928625083,0.16928185892881364,0.14056995987894289,0.023832388329734944
0.225,2.756331060860187,3.0889648359977375,0.33263377513755055,0.6585299763358329,0.17462344448607786,0.14293308915056605,0.023913490027522608
0.226,2.753720568238339,3.082132851041879,0.32841228280353985,0.6506309106327727,0.18010695984765154,0.1452787632705645,0.023983366249011144
0.227,2.751025276884516,3.075281484701175,0.3242562078166591,0.6426222625684569,0.18573300180266777,0.14760301355969052,0.024041722069185114
0.228,2.7482439825124123,3.0684107043249806,0.32016672181256833,0.6345080543730074,0.19150188724270753,0.1499017722150442,0.024088286169240893
0.229,2.7453755184555217,3.0615204651171446,0.31614494666162285,0.626292662948264,0.19741363642517845,0.15217088763593625,0.024122812990621217
0.23,2.7424187590323235,3.054610709728373,0.3121919506960493,0.6179808168464729,0.20346795704789572,0.1544061412984398,0.024145084807191405
0.231,2.7393726228735558,3.0476813678798864,0.30830874500633065,0.609577590863116,0.20966422934170362,0.15660326610497624,0.024154913690203967
0.232,2.7362360761888054,3.040732356022814,0.30449627983400873,0.6010883981590148,0.21600149239180652,0.15875796610863152,0.0241521433405478
0.233,2.7330081359489347,3.033763577037688,0.3007554410887532,0.5925189798527186,0.22247843189939068,0.16086593748484176,0.02413665076304894
0.234,2.7296878729604974,3.02677491997844,0.29708704701794275,0.5838753920529219,0.22909336959246038,0.16292289059627038,0.024108347758347238
0.23500000000000001,2.726274414808143,3.0197662598649986,0.29349184505685555,0.5751639903318394,0.23584425448847857,0.16492457297060176,0.02406718220908029
0.23600000000000002,2.72276694864125,3.012737457528619,0.28997050888736897,0.5663914116735571,0.2427286562010332,0.16686679298657117,0.024013139138838444
0.23700000000000002,2.7191647237814576,3.0056883595136035,0.2865236357321459,0.5575645539657316,0.24974376046859167,0.16874544404114386,0.023946241524532445
0.23800000000000002,2.715467054128648,2.998618798038866,0.283151743910218,0.5486905531381868,0.25688636706494217,0.17055652895139511,0.023866550845475978
0.23900000000000002,2.7116733203440617,2.9915285910223592,0.2798552706782975,0.5397767580870002,0.26415289022868793,0.17229618432875304,0.023774167355558463
0.24,2.707782971790701,2.9844175421709918,0.2766345703802906,0.5308307035570639,0.27153936172305526,0.17396070465154007,0.023669230068340506
0.241,2.703795528212969,2.9772854411379446,0.2734899129249757,0.5218600811886934,0.2790414366080212,0.17554656575462504,0.023551916448659588
0.242,2.699710581139582,2.9701320637490607,0.27042148260947885,0.5128727089645241,0.2866544017740062,0.1770504474531165,0.02342244180835309
0.243,2.6955277949961327,2.962957172298933,0.2674293773028005,0.5038764993200263,0.29437318725189343,0.1784692550202309,0.023281058407849643
0.244,2.6912469079162396,2.955760515917075,0.26451360800083545,0.4948794262047269,0.30219238027711653,0.17980013924852706,0.023128054269629158
0.245,2.6868677322430474,2.9485418310035025,0.2616740987604551,0.48588949140027954,0.31010624204806975,0.18104051483792577,0.02296375171372523
0.246,2.6823901547157236,2.9413008417325828,0.25891068701685915,0.47691469041582935,0.3181087270808812,0.18218807687375593,0.02278850562953381
0.247,2.677814136338638,2.934037260623142,0.25622312428450433,0.4679629782900461,0.3261935050252036,0.1832408151827183,0.02260270150203125
0.248,2.673139711934011,2.926750789172146,0.25361107723813525,0.4590422356325146,0.3343539847695269,0.18419702638391722,0.02240675321404117
0.249,2.668366989381878,2.919441118548582,0.251074129166704,0.45016023523489573,0.34258334063053164,0.18505532348523737,0.022201100649335836
0.25,2.6634961485542687,2.912107930343442,0.24861178178917331,0.4413246095741996,0.35087454039021027,0.1858146429115631,0.02198620712402641
0.251,2.6585274399533767,2.9047508973710565,0.24622345741767981,0.43254281951696877,0.3592203749173349,0.18647424888985342,0.02176255667584349
0.252,2.6534611830663297,2.8973696845166024,0.24390850145027265,0.42382212451455675,0.3676134890868536,0.18703373515608096,0.021530651242509042
0.253,2.648297764451684,2.8899639496238465,0.24166618517216243,0.4151695545563038,0.3760464136931135,0.187493023989232,0.021291007761350567
0.254,2.6430376355750953,2.8825333444169448,0.23949570884184945,0.406591884119747,0.3845115980401821,0.18785236261734362,0.02104415522272826
0.255,2.637681310413705,2.87507751544969,0.23739620503598502,0.39809560832619406,0.39300144288533684,0.18811231707887618,0.020790631709593273
0.256,2.632229362850527,2.867596105075325,0.23536674222479803,0.38968692147622536,0.40150833341049297,0.18827376365855542,0.02053098145472599
0.257,2.6266824238814497,2.860088752429866,0.23340632854841648,0.38137169810390104,0.4100246719006878,0.18833787804956245,0.020265751945849616
0.258,2.6210411786587082,2.8525550944218914,0.23151391576318314,0.373155476651992,0.418542909817996,0.18830612242299108,0.01999549110702136
0.259,2.6153063633952907,2.8449947667215882,0.22968840332629759,0.36504344583323295,0.4270555789744033,0.188180230609938,0.019720744582425568
0.26,2.609478762155236,2.8374074047422146,0.22792864258697865,0.357040433706228,0.43555532152606813,0.1879621916215635,0.019442053146141093
0.261,2.6035592035547546,2.829792644607128,0.22623344105237342,0.3491508994591177,0.4440349185351155,0.18765423174722914,0.019159950258538855
0.262,2.5975485573989685,2.8221501240959603,0.22460156669699183,0.3413789278607757,0.4524873168716954,0.18725879548061405,0.018874959786915082
0.263,2.5914477312784507,2.814479483563813,0.2230317522853622,0.3337282263081693,0.46090565425865837,0.18677852552841143,0.01858759390476103
0.264,2.5852576671488974,2.806780366827856,0.22152269967895855,0.32620212437035656,0.4692832822926912,0.18621624215611832,0.018298351180833956
0.265,2.578979337916331,2.7990524220161777,0.22007308409984683,0.3188035757049036,0.47761378730834075,0.18557492212078275,0.018007714865973568
0.266,2.5726137440488315,2.791295302374226,0.2186815583253945,0.3115351622010537,0.48589100898478477,0.18485767743166678,0.017716151382495344
0.267,2.5661619102344297,2.7835086670249285,0.21734675679049875,0.30439910018654043,0.4941090566278852,0.18406773416755254,0.017424109018021567
0.268,2.5596248821032237,2.7756921816789615,0.21606729957573778,0.29739724852111865,0.5022623230924406,0.1832084115636061,0.017132016822834755
0.269,2.5530037230299922,2.7678455192924822,0.21484179626249,0.2905311183897655,0.5103454963400701,0.18228310156284708,0.016840283707317667
0.27,2.5462995110319815,2.7599683606700927,0.21366884963811117,0.2838018846022152,0.5183535686568378,0.18129524900717522,0.016549297733772523
0.271,2.5395133357745894,2.752060395011521,0.21254705923693162,0.2772103982023399,0.5262818435811843,0.1802483326215284,0.016259425594948307
0.272,2.532646295695938,2.744121320401053,0.21147502470511492,0.2707572001910738,0.5341259406163232,0.17914584692267765,0.015971012269924884
0.273,2.525699495259561,2.7361508442393823,0.21045134897982143,0.26444253616971347,0.5418817978218624,0.17799128516178217,0.015684380846642563
0.274,2.5186740423426075,2.7281486836179645,0.20947464127535698,0.25826637171578387,0.5495456723973451,0.17678812338758676,0.015399832499284736
0.275,2.511571045765366,2.720114565636646,0.20854351987127995,0.25222840831160026,0.5571141393846304,0.1755398056958153,0.01511764660795381
0.276,2.504391612966237,2.71204822766563,0.20765661469939323,0.24632809965504904,0.5645840886277123,0.17424973070969219,0.014838081007546638
0.277,2.4971368478248355,2.7039494175533147,0.20681256972847928,0.24056466819320702,0.5719527201369191,0.17292123931737927,0.014561372352495001
0.278,2.48980784863456,2.6958178937819834,0.2060100451474236,0.23493712173158282,0.5792175380097963,0.17155760367463552,0.014287736583986292
0.279,2.482405706224437,2.687653425573454,0.20524771934901676,0.22944426998442463,0.5863763430643916,0.17016201746473641,0.0140173694864472
0.28,2.474931502229354,2.679455792947284,0.20452429071793032,0.2240847409452849,0.5934272243402405,0.16873758739406014,0.013750447320414501
0.281,2.4673863075062017,2.671224786734113,0.20383847922791132,0.21885699697009992,0.6003685496216128,0.16728732588890033,0.013487127519387318
0.28200000000000003,2.4597711806930675,2.6629602085470987,0.20318902785403115,0.21375935047900746,0.6071989551328828,0.16581414494923225,0.01322754943887828
0.28300000000000003,2.452087166907423,2.6546618707143486,0.20257470380692544,0.20878997919592934,0.6139173345514067,0.16432085110611053,0.012971835146553508
0.28400000000000003,2.444335296578884,2.6463295961754514,0.20199429959656756,0.20394694085800635,0.6205228274760141,0.1628101414228486,0.01272009024313162
0.28500000000000003,2.436516584411355,2.637963218345168,0.2014466339338128,0.19922818733893533,0.6270148074817782,0.16128460047476653,0.012472404704520245
0.28600000000000003,2.4286320284690768,2.62956258094739,0.20093055247831337,0.19463157814182735,0.6333928698829321,0.1597466982387288,0.01222885373651158
0.28700000000000003,2.4206826093806595,2.6211275378224284,0.20044492844176887,0.19015489322778936,0.6396568193166662,0.1581987888213471,0.011989498634198343
0.28800000000000003,2.412669289654984,2.6126579527106313,0.1999886630556471,0.18579584515624578,0.6458066572508734,0.15664310995374428,0.01175438763913605
0.289,2.4045930131026574,2.604153699015258,0.19956068591260046,0.18155209052190482,0.6518425695092066,0.15508178318080376,0.011523556788085535
0.29,2.39645470435664,2.595614659547387,0.1991599551907468,0.17742124068123516,0.657764913897036,0.15351681467375175,0.01129703074797746
0.291,2.3882552684856164,2.587040726255638,0.19878545777002143,0.17340087176849947,0.6635742080020374,0.15195009659695333,0.011074823632511142
0.292,2.3799955906937678,2.578431799943173,0.19843620924940542,0.16948853400748096,0.6692711172341017,0.15038340896191968,0.010856939796498287
0.293,2.371676536100595,2.5697877899744563,0.19811125387386141,0.16568176033047272,0.6748564431599947,0.14881842190477765,0.010643374604754665
0.294,2.363298949594706,2.561108613973999,0.19780966437929326,0.16197807432066536,0.6803311121797018,0.1472566983266846,0.010434115172948129
0.295,2.354863655755539,2.552394197519239,0.19753054176369966,0.15837499749781683,0.6856961645833646,0.14569969684043121,0.010229141078387377
0.296,2.3463714588372238,2.5436444738294446,0.19727301499222083,0.1548700559702306,0.690952744020255,0.14414877497026649,0.010028425039247273
0.297,2.3378231428090657,2.534859383452483,0.1970362406434174,0.15146078647852165,0.6961020874042467,0.14260519255604384,0.009831933561187056
0.298,2.329219471447308,2.526038873951071,0.19681940250376284,0.1481447418585244,0.7011455152739153,0.14107011531682523,0.009639627550735563
0.299,2.3205611884730675,2.5171828995899537,0.1966217111168862,0.14491949595199963,0.7060844226199031,0.13954461853292965,0.00945146289516756
0.3,2.3118490177317463,2.5082914210253775,0.19644240329363116,0.14178264799477455,0.7109202701867606,0.1380296908095425,0.009267391008921797
0.301,2.303083663409278,2.4993644049980293,0.19628074158875108,0.13873182651234645,0.7156545762520727,0.13652623788869908,0.009087359346881478
0.302,2.294265810281049,2.4904018240304557,0.1961360137494066,0.13576469275311215,0.720288908881812,0.13503508648002166,0.008911311885053903
0.303,2.285396123989464,2.4814036561299324,0.1960075321404684,0.13287894368924746,0.7248248786570746,0.133556988084273,0.008739189569404924
0.304,2.2764752513464686,2.4723698844975117,0.19589463315104316,0.130072314614739,0.7292641318647131,0.13209262278681552,0.008570930733733214
0.305,2.267503820657552,2.4633004972439765,0.1957966765864243,0.12734258136947407,0.7336083441415953,0.13064260300130714,0.008406471487623295
0.306,2.2584824420640826,2.4541954871132194,0.1957130450491369,0.12468756221742067,0.7378592145603035,0.12920747714668115,0.008245746075594062
0.307,2.2494117079009976,2.445054851213564,0.19564314331256627,0.1221051194059675,0.7420184601422058,0.12778773324317566,0.008088687208650252
0.308,2.240292193067141,2.4358785907573526,0.19558639769021147,0.11959316043239465,0.7460878107826443,0.12638380241547092,0.007935226369490372
0.309,2.231124455405799,2.426666710809137,0.1955422554033377,0.11714963904229142,0.750069004571804,0.12499606229324993,0.007785294092653838
0.31,2.221909036093149,2.4174192200426576,0.1955101839495086,0.11477255598350476,0.7539637834941187,0.12362484030145836,0.007638820220918613
0.311,2.2126464600325457,2.4081361305067714,0.19548967047422572,0.11245995953794294,0.7577738894885314,0.12227041683427085,0.007495734139254691
0.312,2.203337236252858,2.3988174574004097,0.1954802211475517,0.11020994585229277,0.7615010608516803,0.12093302830839822,0.007355964987629097
0.313,2.193981858309052,2.389463218856603,0.19548136054755139,0.10802065908742428,0.7651470289658532,0.11961287009277458,0.007219441853948049
0.314,2.1845808046836304,2.380073435735526,0.19549263105189585,0.10589029140498703,0.7687135153338337,0.1183100993128004,0.007086093948378984
0.315,2.175134539187499,2.37064813142655,0.19551359223905118,0.10381708280849271,0.7722022289026207,0.1170248375286075,0.006955850760279119
0.316,2.165643511359069,2.3611873316591403,0.19554382030007122,0.10179932085492448,0.7756148636587165,0.1157571732874615,0.006828642198897614
0.317,2.156108156860564,2.351691064322518,0.1955829074619544,0.09983534025179121,0.778953096477712,0.11450716455150234,0.006704398718994479
0.318,2.146528897870524,2.3421593592938907,0.1956304614233666,0.09792352235337466,0.7822185852116961,0.11327484100247842,0.006583051432450815
0.319,2.1369061434717493,2.3325922482750867,0.19568610480333737,0.09606229456889502,0.7854129669982943,0.11206020622589101,0.006464532206920395
0.32,2.1272402900339142,2.322989764637376,0.1957494746034616,0.09425012969423079,0.7885378567760021,0.11086323977727222,0.006348773752494757
0.321,2.117531721590279,2.313351943274261,0.19582022168398172,0.09248554517792285,0.7915948459908937,0.10968389913385386,0.006235709697328619
0.322,2.1077808102079136,2.3036788204620002,0.1958980102540866,0.09076710233121536,0.7945855014805996,0.10852212153508235,0.006125274653102677
0.323,2.0979879163510518,2.2939704337276288,0.19598251737657701,0.08909340549106716,0.7975113645220278,0.10737782571574772,0.00601740427115811
0.324,2.0881533892371404,2.2842268217241988,0.19607343248705833,0.08746310114422595,0.8003739500300607,0.10625091353562537,0.005912035290088147
0.325,2.0782775671853275,2.2744480241130263,0.19617045692769874,0.08587487701973097,0.8031747458950188,0.1051412715097285,0.005809105575521652
0.326,2.068360777957142,2.264634081452645,0.1962733034955031,0.08432746115646515,0.8059152124475312,0.10404877224322277,0.005708554152781089
0.327,2.058403339089116,2.254785035094201,0.19638169600508482,0.08281962095173832,0.808596782040032,0.10297327577516643,0.005610321233062585
0.328,2.0484055582172975,2.244900927083081,0.19649536886578334,0.08135016219630586,0.8112208587346318,0.10191463083532862,0.005514348233733493
0.329,2.038367733393519,2.234981800066444,0.19661406667292525,0.07991792810060165,0.8137888180879951,0.10087267601810138,0.005420577793302392
0.33,2.0282901533933275,2.225027697206441,0.19673754381311337,0.07852179831649193,0.816302007024275,0.09984724087765291,0.005328953781579567
0.331,2.018173098015657,2.2150386620988773,0.19686556408322042,0.07716068795837322,0.8187617437877956,0.09883814694832622,0.00523942130550514
0.332,2.0080168383741226,2.205014738697023,0.19699790032290032,0.07583354662696587,0.8211693179677797,0.0978452086941692,0.005151926711085602
0.333,1.9978216371801116,2.194955971240379,0.19713433406026737,0.07453935743880515,0.8235259905878908,0.09686823439145476,0.005066417581849337
0.334,1.987587749017617,2.184862404188129,0.19727465517051201,0.07327713606401047,0.8258329942539638,0.09590702694783088,0.00498284273419484
0.335,1.9773154206099919,2.174734082157065,0.19741866154707322,0.0720459297746203,0.8280915333536599,0.0949613846617398,0.004901152209979229
0.336,1.9670048910786329,2.1645710498637376,0.19756615878510475,0.07084481650544354,0.8303027843024043,0.09403110192548794,0.004821297266663912
0.337,1.9566563921938191,2.154373352070655,0.1977169598768358,0.0696729039291309,0.8324678958302282,0.0931159698753325,0.0047432303653087505
0.338,1.9462701486177247,2.14414103353627,0.19787088491854532,0.06852932854688333,0.8345879893047322,0.0922157769917013,0.004666905156682666
0.339,1.935846378139836,2.1338741389686073,0.19802776082877127,0.06741325479602389,0.8366641590856042,0.09133030965263778,0.00459227646573403
0.34,1.9253852919048773,2.12357271298229,0.1981874210774126,0.06632387417542798,0.838697472906601,0.0904593526433293,0.004519300274642474
0.341,1.91488709463342,2.113236800058806,0.198349705425386,0.06526040438963002,0.8406889722812317,0.08960268962448147,0.004447933704655942
0.342,1.9043519848353256,2.1028664445098264,0.19851445967450077,0.06422208851226784,0.8426396729286499,0.08876010356218408,0.004378134996898246
0.343,1.8937801550162219,2.0924616904434044,0.19868153542718248,0.06320819416936227,0.8445505652165958,0.08793137712173267,0.004309863492310839
0.34400000000000003,1.8831717918771604,2.082022581732893,0.19885078985573235,0.06221801274281842,0.846422614618478,0.08711629302781676,0.004243079610887425
0.34500000000000003,1.8725270765076276,2.0715491619884223,0.1990220854807947,0.06125085859438137,0.8482567621820685,0.08631463439322079,0.004177744830328701
0.34600000000000003,1.861846184572124,2.0610414745307883,0.19919528995866442,0.060306068310226904,0.8500539250072608,0.08552618501826069,0.004113821664251809
0.34700000000000003,1.8511292864904254,2.050499562367608,0.19937027587718248,0.05938299996621582,0.8518149967308731,0.08475072966285609,0.0040512736400555496
0.34800000000000003,1.840376547611795,2.0399234681716023,0.19954692055980727,0.05848103241382191,0.8535408480164166,0.08398805429321042,0.003990065276552473
0.34900000000000003,1.8295881283832143,2.029313234260893,0.19972510587767878,0.05759956458660188,0.8552323270471861,0.08323794630476741,0.003930162061445932
0.35000000000000003,1.818764184511918,2.018668902581168,0.19990471806924992,0.05673801482709053,0.8568902600209373,0.08250019472322909,0.0038715304287422793
0.35100000000000003,1.807904867122329,2.007990514689617,0.20008564756728808,0.05589582023387609,0.8585154516448676,0.08177459038509427,0.003814137736163198
0.352,1.7970103229075827,1.9972781117405103,0.20026778883292762,0.0550724360286221,0.8601086856294804,0.08106092609927255,0.0037579522426251697
0.353,1.7860806942758587,1.986531734472337,0.2004510401964783,0.054267334942733315,0.8616707251802985,0.08035899679112801,0.003702943085840384
0.354,1.775116119491618,1.9757514231963815,0.20063530370476346,0.05348000662332692,0.8632023134863537,0.07966859963022893,0.0036490802600892985
0.355,1.764116732811944,1.9649372177866546,0.2008204849747106,0.05270995705816053,0.8647041742045787,0.07898953414305043,0.003596334594208677
0.356,1.7530826646181636,1.9540891576710921,0.2010064930529285,0.05195670801912975,0.8661770119392862,0.07832160231175224,0.0035446777298316708
0.357,1.7420140415428615,1.9432072818239314,0.20119324028106989,0.05121979652393493,0.867621512716047,0.07766460866010363,0.003494082099914513
0.358,1.7309109865924843,1.9322916287591871,0.20138064216670282,0.05049877431549613,0.8690383444494058,0.07701836032752249,0.0034445209075762116
0.359,1.7197736192656659,1.9213422365251571,0.20156861725949127,0.04979320735869799,0.8704281574038086,0.07638266713221487,0.0033959681052784904
0.36,1.7086020556674064,1.910359142699877,0.20175708703247053,0.04910267535401456,0.8717915846474044,0.07575734162421943,0.003348398374361942
0.361,1.6973964086192714,1.8993423843874644,0.20194597576819295,0.048426771267576794,0.8731292424982663,0.0751421991291973,0.003301787104959607
0.362,1.6861567877657322,1.8882919982152848,0.20213521044955263,0.047765100877237614,0.87444173096274,0.0745370577837233,0.003256110376299066
0.363,1.6748832996768055,1.8772080203318955,0.20232472065509,0.047117282334185086,0.8757296341656197,0.07394173856278792,0.0032113449374074556
0.364,1.6635760479470785,1.866090486405677,0.20251443845859862,0.046482945739649784,0.8769935207720071,0.07335606530012032,0.0031674681882234244
0.365,1.6522351332912881,1.8549394316241414,0.2027042983328533,0.045861732736269825,0.8782339444005934,0.07277986470200846,0.0031244581611282844
0.366,1.6408606536365629,1.8437548906938355,0.2028942370572726,0.04525329611366457,0.8794514440283139,0.0722129663551262,0.0030822935028959986
0.367,1.6294527042114344,1.8325368978408072,0.2030841936293728,0.044657299427780184,0.8806465443862358,0.07165520272891611,0.003040953457067697
0.368,1.6180113776317546,1.8212854868115957,0.20327410917984112,0.044073416633579464,0.8818197563466347,0.07110640917303422,0.0030004178467515135
0.369,1.6065367639836075,1.8100006908746884,0.20346392689108095,0.04350133173064267,0.8829715773012429,0.07056642391026725,0.0029606670578468273
0.37,1.5950289509033455,1.7986825428224182,0.20365359191907273,0.04294073842126844,0.8841024915306583,0.07003508802538203,0.002921682022691505
0.371,1.5834880236548274,1.787331074973268,0.2038430513184406,0.04239133978066156,0.8852129705649179,0.06951224545028947,0.0028834442041314515
0.372,1.5719140652039962,1.7759463191745335,0.20403225397053726,0.041852847938806045,0.886303473535323,0.06899774294586494,0.00284593558000627
0.373,1.5603071562908513,1.7645283068053303,0.2042211505144791,0.04132498377363081,0.8873744475175418,0.06849143008077942,0.0028091386280490135
0.374,1.5486673754989317,1.7530770687798984,0.2044096932809667,0.0408074766150873,0.8884263278660628,0.06799315920765564,0.0027730363111940887
0.375,1.5369947993224164,1.7415926355512006,0.20459783622878414,0.04030006395976004,0.8894595385401493,0.0675027854368026,0.0027376120632877157
0.376,1.5252895022308832,1.7300750371147497,0.20478553488386653,0.03980249119565226,0.890474492421309,0.06702016660784411,0.0027028497751946947
0.377,1.5135515567318585,1.7185243030126873,0.20497274628082884,0.0393145113367869,0.8914715916224848,0.06654516325943277,0.0026687337812955477
0.378,1.5017810334312058,1.7069404623380533,0.20515942890684746,0.038835884767283495,0.892451227789029,0.0660776385973223,0.0026352488463657585
0.379,1.4899780010914525,1.6953235437392442,0.2053455426477917,0.03836637899457094,0.893413782391635,0.06561745846096133,0.002602380152831573
0.38,1.4781425266881159,1.6836735754246397,0.20553104873652384,0.037905768411418544,0.8943596270113463,0.06516449128884232,0.0025701132883930353
0.381,1.466274675464107,1.671990585167366,0.20571590970325904,0.03745383406646347,0.8952891236167816,0.06471860808274868,0.002538434234007055
0.382,1.454374510982282,1.6602746003101967,0.2059000893279146,0.037010363442935366,0.896202624833762,0.06427968237107815,0.0025073293522236213
0.383,1.4424420951762142,1.648525647770564,0.20608355259434985,0.03657515024528061,0.8971004742074588,0.06384759017139516,0.0024767853758651953
0.384,1.43047748839923,1.63674375404566,0.20626626564643002,0.03614799419339983,0.8979830064572223,0.06342220995233443,0.002446789397043254
0.385,1.4184807494718112,1.6249289452176383,0.20644819574582707,0.0357287008242232,0.8988505477242897,0.06300342259498498,0.0024173288565014985
0.386,1.4064519357273733,1.613081246958869,0.20662931123149564,0.03531708130035715,0.8997034158124799,0.06259111135388369,0.0023883915332797343
0.387,1.3943911030565277,1.601200684537262,0.20680958148073425,0.034912952225542575,0.9005419204220623,0.062185161817705656,0.002359965534688961
0.388,1.3822983059498426,1.589287282821642,0.2069889768717994,0.034516135466675785,0.9013663633769877,0.06178546186974646,0.002332039286589849
0.389,1.3701735975391918,1.57734106628715,0.20716746874795833,0.0341264579821529,0.902177038845579,0.06139190164830179,0.002304601523966176
0.39,1.3580170296377003,1.5653620590206805,0.20734502938298016,0.03374375165630301,0.9029742335549044,0.06100437350700492,0.0022776412817866257
0.391,1.3458286527783883,1.5533502847263356,0.20752163194794737,0.03336785313968705,0.9037582269989657,0.06062277197520321,0.002251147886144631
0.392,1.3336085162515188,1.5413057667308967,0.20769725047937793,0.03299860369504652,0.9045292916408504,0.06024699371843214,0.0022251109456707923
0.393,1.3213566681407156,1.5292285279892803,0.2078718598485647,0.032635849048692885,0.905287693109038,0.059876937499060735,0.0021995203432088207
0.394,1.3090731553578907,1.5171185910900251,0.2080454357321344,0.03227943924713624,0.9060336903879793,0.05951250413713687,0.0021743662277475513
0.395,1.2967580236770273,1.5049759782607273,0.20821795458369996,0.0319292285187615,0.9067675360031239,0.05915359647151223,0.002149639006602473
0.396,1.2844113177668481,1.4928007113734927,0.20838939360664455,0.03158507514036259,0.9074894762005423,0.05880011932125652,0.002125329337838514
0.397,1.272033081222433,1.4805928119503564,0.20855973072792344,0.03124684130835694,0.9081997511212895,0.05845197944742698,0.002101428122926834
0.398,1.2596233565957928,1.4683523011686714,0.2087289445728786,0.030914393014507126,0.9088985949706518,0.058109085515211996,0.0020779264996296965
0.399,1.2471821854254597,1.456079199866479,0.20889701444101938,0.030587599925981007,0.9095862361824274,0.05777134805648604,0.002054815835105955
0.4,1.2347096082651194,1.443773528547831,0.2090639202827116,0.030266335269591858,0.9102628975783816,0.057438679432797575,0.002032087719229852
