"id","canonical_path","match_count","original_path","sha256","status"
"A00","C:\ALL THEORY\corpus\MASTER_THEORY_UNIFIED_2026-08-20_v4_3.md","1","C:\ALL THEORY\corpus\MASTER_THEORY_UNIFIED_2026-08-20_v4_3.md","1F8295C3A797AEB854B4B0CA82485BD7F4A149617777D2A43FC147A4A53C26DD","exact_active_unique"
"A01","C:\ALL THEORY\corpus\GLUEBALL_SOURCE_CONSOLIDATION_GUIDE_2026-08-20_v4_3.md","1","C:\ALL THEORY\corpus\GLUEBALL_SOURCE_CONSOLIDATION_GUIDE_2026-08-20_v4_3.md","60B8A93C8149049F50ED3CE8E0CFD1B379723B6765F201395A2FDA6C4A7E7AA7","exact_active_unique"
"A02","C:\ALL THEORY\corpus\GLUEBALL_DETAILED_FORMULA_DOCUMENT_2026-08-20_v3_1.md","2","C:\ALL THEORY\corpus\GLUEBALL_DETAILED_FORMULA_DOCUMENT_2026-08-20_v3_1.md","924D5B26F865E33F530D166735E847B89F60DF7FE363995E2788AB24E1FF4254","exact_active_multiple"
"A10T","","0","F:\THEORY\papers\flat_band\glueball_flat_band_paper_v1_1.tex","2E76A8CBF26738335D3DE7574AA7AB62B9B2F29D5DE461509DCE13D0F1A9CBFC","missing"
"A10P","C:\ALL THEORY\papers\flat_band\PAPER_FLUX_glueball_flat_band_v1_1.pdf","2","F:\THEORY\papers\flat_band\glueball_flat_band_paper_v1_1.pdf","A91C61AC871BF93F6333D93C48D940BD5F59D73D6D57F4BC0A1B81C6A63F1161","exact_active_multiple"
"A11C","","0","F:\THEORY\programs\one_plaquette\cls_flat_band_certificate_v1_1.py","34928E106DCA36B5FF3465464AB611AB65A2CC8A2804D6F9A5B0696DCBC9DD31","missing"
"A11R","","0","F:\THEORY\programs\one_plaquette\cls_flat_band_results_v1_1.md","BE12253E6F4BB49C204638D6ACA5287D2A7E4FC5D85CC1B779A207631A2CED49","missing"
"A12C","","0","F:\THEORY\programs\one_plaquette\glueball_band_certificate_v2.py","3BF2E4B98401ABD35D17AACBD0BDF011243BCE7C7188F352B99EA9FC883E3EBE","missing"
"A12R","","0","F:\THEORY\programs\one_plaquette\glueball_band_results_v2.md","436EA8D247A36F09EF24461CE5C8B56204002AED263DB8648C47A73586EAB445","missing"
"A13C","","0","C:\Users\Alex\Downloads\suN_closed_surface_band_stage1_certificate.py","CEFC464A9D2C15E32453EE3ED99A721F142E0BB93EB4C03E080051E4AA059285","missing"
"A13R","C:\ALL THEORY\numerics\certificates\CERT_SUN_closed_surface_stage1_certificate.json","2","C:\Users\Alex\Downloads\suN_closed_surface_stage1_certificate.json","74F1932607FB68EAD235CE49C4BD85DB3C6E69FF670BE8ECB5D4E6EA1885787F","exact_active_multiple"
"A20K","C:\ALL THEORY\programs\one_plaquette\y4_o3_flatband_verification\DATA_Y4_full_real_space_h4_kernel.json.gz","2","F:\THEORY\programs\one_plaquette\y4_o3_flatband_verification\y4_full_real_space_H4_kernel.json.gz","635D40FA8A5D7DA841FD30F36185EB96F14EC4C040678DDD8FB010379AFB2900","exact_active_multiple"
"A21C","","0","F:\THEORY\programs\one_plaquette\y4_o3_flatband_verification\y4_global_band_edge_certificate.py","8871934F6DFFF81B000571E02B89E47ABCEDA2AC91582D654340634AEAFB5118","missing"
"A21R","","0","F:\THEORY\programs\one_plaquette\y4_o3_flatband_verification\Y4_GLOBAL_BAND_EDGE_CERTIFICATE.md","54FB405DF05615CED353FF239A948A24191608A65E623FD1CB79F83ABA4DA6BC","missing"
"A21V","","0","F:\THEORY\programs\one_plaquette\y4_o3_flatband_verification\y4_stage3j_final_verdict.json","99F38B83FC20E17855F4D06E1F728DDB0C05D3F21CD17AFC41432EB1D5E7F99B","missing"
"A22","C:\ALL THEORY\papers\flat_band\THM_Y5_fourth_order_t1pm_band_theorem_v0_8.md","3","F:\THEORY\papers\flat_band\FOURTH_ORDER_T1PM_BAND_THEOREM_V0_8_CONSOLIDATED.md","E47BA01941AC988626CE5EBE99B98513A879720DCD65855497FA1E32860E52DA","exact_active_multiple"
"A30S","C:\ALL THEORY\records\transcripts\15 hour RUN.txt","2","C:\Users\Alex\Downloads\15 hour RUN.txt","3846A022B4BD6874E332E8B16F4ED13A5706AF1BE855CC059763533D721D309E","exact_active_multiple"
"A30R","C:\ALL THEORY\records\transcripts\15 hour RUN. results.txt","2","C:\Users\Alex\Downloads\15 hour RUN. results.txt","B2674DA19A0C92546E21383A465B758FDAF9821511E093E6DB2412F065C1A8CA","exact_active_multiple"
"A31A","","0","C:\Users\Alex\Downloads\03-unified-proposal.md","82B6BE8038B0E93BD632DE0C8849FADAAE906626AE8ABF4761AD70C02BA43984","missing"
"A31B","","0","C:\Users\Alex\Downloads\05-latest-run-forensics.md","A80890E52EBBB56335EEBCF50BCCCEF16BC9F2794ED1D5FA159EAA25E429147B","missing"
"A31C","","0","C:\Users\Alex\Downloads\06-pattern-2-5-runtime-forensics.md","646092ECE08E19C36D0C82092F47A32AC2AE876727F580E164109A2491A575DA","missing"
"A31D","","0","C:\Users\Alex\Downloads\06-physicalq-q2.md","0E686161F25EBC0962BAA0D7AEB7AD12A905D1301100BD538C1A1E2643A5898F","missing"
"A31E","C:\ALL THEORY\records\audits\09-dual-cold-oracle.md","2","C:\Users\Alex\Downloads\09-dual-cold-oracle.md","80EE209C0C853DB7403E2B33BA49D0191057B9A720F0D14F45A17C9A75DF722C","exact_active_multiple"
"A32N","C:\ALL THEORY\programs\hodge_o4_adjudication\notebooks\NB_O4_hodge_v10a25_hamer_gelfand_a100.ipynb","2","C:\Users\Alex\Downloads\Hodge_v10a25_Hamer_Gelfand_O4_A100.ipynb","4E0F7970D659CF569BD99E7EBDDBF41F3590E1DFEC615A6CDD6F5498F9BFE61D","exact_active_multiple"
"A32T","","0","C:\Users\Alex\Downloads\Monday 531 PM.txt","80E8BD95FF6879F7F1BCBBDF6561935CADF096FD823923E1C434EE5C9615C817","missing"
"A40E","","0","C:\Users\Alex\Downloads\Hodge_SU3_Exact_MarkedCluster_m4_Colab.py","9E158AF7E7FE012CA452D2455AB6BF6F71B14F5CC5C10A6E49F826B837D32844","missing"
"A40T","C:\ALL THEORY\programs\hodge_o4_adjudication\src\ENGINE_O4_test_hodge_su3_exact_markedcluster_m4_colab.py","2","C:\Users\Alex\Downloads\test_Hodge_SU3_Exact_MarkedCluster_m4_Colab.py","67B4FE5E3DA4DAEF972130828B82A6E90284DC2E383600A801F6BAEFC59C74FD","exact_active_multiple"
"A41E","","0","C:\Users\Alex\Downloads\Hodge_Y4_Canonical_O4_Production_Colab.py","1970C63A426812BECE12B1BE1706958FD8EA9ECFBEB3D305875D40FF6F2266B5","missing"
"A41T","","0","C:\Users\Alex\Downloads\test_Hodge_Y4_Canonical_O4_Production_Colab.py","A0E89BC026F272040A9186F2A284AEBC6363EF8335B42380D99A3BAB12EDD557","missing"
"A41F","C:\ALL THEORY\numerics\data\DATA_Y4_stagei_authority_fixture.xz.b85","2","C:\Users\Alex\Downloads\Y4_STAGEI_AUTHORITY_FIXTURE.xz.b85","718270E59F921F32D7A576E4D4A36087667009F65D4A90C0DE76539E377DCEF3","exact_active_multiple"
"A50J","C:\ALL THEORY\programs\one_plaquette\sun_band_shape\CERT_Y4_sun_all_n_ge_3_band_shape_2026-06-14.json","2","F:\THEORY\programs\one_plaquette\sun_band_shape\Y4_SUN_ALL_N_GE_3_BAND_SHAPE_CERTIFICATE_2026-06-14.json","B470A8E2CECC7E36660A33B956977C946A64158E7E7FA291DA1C906F33BF557A","exact_active_multiple"
"A50M","C:\ALL THEORY\programs\one_plaquette\sun_band_shape\CERT_Y4_sun_all_n_ge_3_band_shape_2026-06-14.md","2","F:\THEORY\programs\one_plaquette\sun_band_shape\Y4_SUN_ALL_N_GE_3_BAND_SHAPE_CERTIFICATE_2026-06-14.md","95186F8E7E6344B3980018DD050E073E46524E182CC66485CC4A361E554198A4","exact_active_multiple"
"A50V","","0","F:\THEORY\programs\one_plaquette\sun_band_shape\y4_sun_all_n_ge3_band_shape_verify.py","2B6BE8918E611ACD799A76C475783D1B73FD72CADC02AD349234F63F66981F71","missing"
"A51J","","0","F:\THEORY\programs\one_plaquette\sun_band_shape\Y4_SUN_WALLED_BRAUER_FULL_SYMBOLIC_CERTIFICATE_2026-06-14.json","068CEBB27C29D2D43A38B8CA153BCF393234BAB116BC0D75DA45D5DE3A95C7F4","missing"
"A51M","C:\ALL THEORY\programs\one_plaquette\sun_band_shape\CERT_Y4_sun_walled_brauer_full_symbolic_certificate_2026-06-14.md","2","F:\THEORY\programs\one_plaquette\sun_band_shape\Y4_SUN_WALLED_BRAUER_FULL_SYMBOLIC_CERTIFICATE_2026-06-14.md","F4EB090C5E0A953559DFCFFC1D1489FD777F64468DCBB4758E7C2F07E980B0C2","exact_active_multiple"
"A52J","","0","F:\THEORY\programs\one_plaquette\sun_band_shape\independent_rerun_kernels\Y4_SUN_FULL_SYMBOLIC_INDEPENDENT_RERUN_2026-06-14.json","4DD28303EA3AF36D9ED89B1ED2498C6D9907FCAEDB0BA7F6361B8C5B648D05CC","missing"
"A52M","C:\ALL THEORY\programs\one_plaquette\sun_band_shape\independent_rerun_kernels\NOTE_Y4_sun_full_symbolic_independent_rerun_2026-06-14.md","2","F:\THEORY\programs\one_plaquette\sun_band_shape\independent_rerun_kernels\Y4_SUN_FULL_SYMBOLIC_INDEPENDENT_RERUN_2026-06-14.md","40744B2EFAD07638F4AA00B88E70537CC21DFE90828D9516C7CE1BC13AFF7DFF","exact_active_multiple"
"A60","C:\ALL THEORY\archive\zips\pentagonal_o4_dual_cold_verification_bundle.zip","1","C:\ALL THEORY\archive\zips\pentagonal_o4_dual_cold_verification_bundle.zip","F2A8B30DE1BA5F23F34C10A3102C42F000CA23F8F7EB1BBFDD9B068BB14DA54A","exact_active_unique"
"A60F1","C:\ALL THEORY\numerics\engines\ENGINE_PENT_pentagonal_o4_minimal_representation_frontier.py","2","C:\ALL THEORY\numerics\engines\ENGINE_PENT_pentagonal_o4_minimal_representation_frontier.py","F54937E718803B20560F6BC5CDF2DBD50379D000A22C3F5350A3ECE2D616BE51","exact_active_multiple"
"A60F2","C:\ALL THEORY\numerics\certificates\RUN_PENT_pentagonal_o4_minimal_representation_frontier_results.json","2","C:\ALL THEORY\numerics\certificates\RUN_PENT_pentagonal_o4_minimal_representation_frontier_results.json","C8D4926BFFBB9D513FFA9958D1AE6CE432098FA9CCD5663812D414A44275AC2B","exact_active_multiple"
"A60F3","C:\ALL THEORY\records\transcripts\pentagonal_o4_minimal_representation_frontier_results.txt","2","C:\ALL THEORY\records\transcripts\pentagonal_o4_minimal_representation_frontier_results.txt","9458217C0165CEF6752A6481F2E29A14805DD920C5E06243CEB6CA134062AA84","exact_active_multiple"
"A60Z1","C:\ALL THEORY\numerics\engines\ENGINE_FLUX_audit_stranded_zero_backend.py","2","C:\ALL THEORY\numerics\engines\ENGINE_FLUX_audit_stranded_zero_backend.py","A42800A91809A77BBD1D339AC604EA80A234EED305377BBABBF890FEE98FDE55","exact_active_multiple"
"A60Z2","C:\ALL THEORY\numerics\certificates\AUDIT_FLUX_stranded_zero_backend_results.json","2","C:\ALL THEORY\numerics\certificates\AUDIT_FLUX_stranded_zero_backend_results.json","D215FA1E9CD0BDE0410EEC16C687182C30BC62FA3F28C1445FD81E93888E1D60","exact_active_multiple"
"A60Z3","C:\ALL THEORY\records\transcripts\audit_stranded_flux_zero_backend_results.txt","2","C:\ALL THEORY\records\transcripts\audit_stranded_flux_zero_backend_results.txt","3955A58963268B67557F3DAD2E455BC8A4756EEA3A1266B05A1F47A139423B9B","exact_active_multiple"
"C20P","C:\ALL THEORY\records\transcripts\pentagonal_prism_O5_decisive_resolvent_results.txt","2","C:\ALL THEORY\records\transcripts\pentagonal_prism_O5_decisive_resolvent_results.txt","A27FE4484CFD16BEC9E88CDEE11C497A82B0EA5CF22C0CF63E6B274F00CC52B5","exact_active_multiple"
"C20O","C:\ALL THEORY\archive\zips\pentagonal_verification_bundle.zip","1","C:\ALL THEORY\archive\zips\pentagonal_verification_bundle.zip","ECF36CD860CE69F8B79F277AE387193FC665BE0A9020FA8554CB9C73166F6195","exact_active_unique"
"C20S","C:\ALL THEORY\theory\theorems\THM_FLUX_strongest_formula_resolved_cellular_mobility_2026-08-20.md","2","C:\ALL THEORY\theory\theorems\THM_FLUX_strongest_formula_resolved_cellular_mobility_2026-08-20.md","555620AA302AA1C9312E81AF2B80191EC58051BFDFFBB661024A3E4472925BA8","exact_active_multiple"
"B10","C:\ALL THEORY\papers\source_docx\PAPER_SUN_su_n_homological_flat_bands_rank_cubic.docx","2","C:\Users\Alex\Downloads\SU_N_Homological_Flat_Bands_and_Rank_Cubic_Spectral_Geometry.docx","AF3A56E74FEACFD68A07A2EB95090CF9540717165649C6090037F1229EE36ED8","exact_active_multiple"
"B11","C:\ALL THEORY\papers\gauge_constrained_spectral_geometry\PAPER_FLUX_gauge_constrained_spectral_geometry_unified_v1_4_2026-08-08.pdf","2","C:\Users\Alex\Downloads\GAUGE_CONSTRAINED_SPECTRAL_GEOMETRY_UNIFIED_v1_4_2026-08-08.pdf","AD6774C7CBBB61D707155102CE8A15E9972B1A2EE82F7CB038881F56D86E9ED4","exact_active_multiple"
"B12","C:\ALL THEORY\QUARANTINE\superseded\flatband paper.pdf","1","C:\Users\Alex\Downloads\flatband paper.pdf","A04D73EF71C4EBB4EF37C74897714E3AEEC7103701BF274187028A7C850E8AB5","quarantine_only"
"B13N","","0","C:\SIMULATIONS\NOVEL_DERIVATIONS.md","50AABDA6824CE4E18099888DDBC3ED3E11DEE17E448BA175BB1A2883974039F8","missing"
"B13O","","0","C:\Users\Alex\Downloads\NOVEL_DERIVATIONS.md","05FF650CDE1B82AEF73BEA7DEDD9721064F49C2CA7BB37217864C6DF6546D53C","missing"
"B14C","","0","C:\Users\Alex\Downloads\SU3_T1pm_spatial_MC_POLARIZATION_v3 (1).py","674F0C8E34E9B9A1D18920C6F88C5815EE83BD2EE22891AC7163CF8FF2DDD6F1","missing"
"B14N","","0","C:\Users\Alex\Downloads\10-su3-monte-carlo.md","8B94E41B8360A9979911560F0268FB8ABB31C494B64987F6D59B8E12D0955662","missing"
"B15","","0","C:\Users\Alex\Downloads\UNIFIED_THEORY_RECORD_RANK_CUBIC_SPECTRAL_GEOMETRY_2026-08-01.md","EA7B47C62F9ED4521DF82C628FC7CEA9EE06D393F5C1B2862AE61853E29056B9","missing"
"C00","","0","C:\Users\Alex\Downloads\GLUEBALL_DETAILED_FORMULA_DOCUMENT_2026-08-20.md","BD9E684972C0ACACE17E585F2F038C7BAAC8ECB52A0DA3FB61C53A272F8B86A6","missing"
"C01","C:\ALL THEORY\QUARANTINE\superseded\GLUEBALL_DETAILED_FORMULA_DOCUMENT_2026-08-20_ADDENDUM.md","1","C:\Users\Alex\Downloads\GLUEBALL_DETAILED_FORMULA_DOCUMENT_2026-08-20_ADDENDUM.md","04665D092E899D6D2A5E1ACDFE727BB108593A61D5F926ABB6C2FF389241B215","quarantine_only"
"A09E","","0","F:\THEORY\papers\flat_band\NORMALIZATION_ERRATUM_2026-06-14.md","A1B04381951DF6F4A2080E110C253E8D6F10113E579B57B19822F5E7B05D51F8","missing"
"A09C","C:\ALL THEORY\programs\one_plaquette\su3_o5_consolidated_y6\AUDIT_SU3_glueball_coupling_normalization_2026-06-14.md","3","F:\THEORY\programs\one_plaquette\su3_o5_consolidated_y6\GLUEBALL_COUPLING_NORMALIZATION_AUDIT_2026-06-14.md","D7D66C62250CD4F2F969C4CE43BB6FFCFD6AFF832B12692BA390946C51CC63F9","exact_active_multiple"
"A09S","C:\ALL THEORY\programs\one_plaquette\su3_o5_consolidated_y6\sources\AUDIT_SU3_glueball_string_normalization_2026-06-14.md","2","F:\THEORY\programs\one_plaquette\su3_o5_consolidated_y6\sources\GLUEBALL_STRING_NORMALIZATION_AUDIT_2026-06-14.md","E5A1D1240025D29D2F1BF9AE6AFEF07A60CDEF5988003B07EBAA07098506344D","exact_active_multiple"
"A09Z","C:\ALL THEORY\archive\zips\GLUEBALL_STRING_NORMALIZATION_CORRECTION_V2.zip","2","F:\THEORY\ZIP ARCHIVES\GLUEBALL_STRING_NORMALIZATION_CORRECTION_V2.zip","421C3AD0C38F6A2D3900B2239C31219318033B5A48844A88B3AA13C6E2670DA6","exact_active_multiple"
"A14M","","0","F:\THEORY\programs\one_plaquette\su3_moments_ext.py","C4F4D702BCB2DFAB2EE766A3D1B731C823AEA481E46200A8543655162456C853","missing"
"A14D","","0","F:\THEORY\programs\one_plaquette\su3_domino_d3.py","D0E9D9905D7AB17667C59B5D0AD42CA8E7733A597528B9490D5AD228C4A0D5FA","missing"
"A14R","C:\ALL THEORY\numerics\certificates\RUN_TROM_d3_results.json","3","E:\YANG\ORGANIZED\12_ONE_PLAQUETTE\domino_certificates\d3_results.json","D2D653B427E35CA80E961B58E923AB186853011149E2DE829BFC926EE44F7242","exact_active_multiple"
"A14T1","","0","F:\THEORY\programs\one_plaquette\tromino_o3\tromino_contract_independent_check.py","8F53B0FE892D506D21340E3FECC0C463BDCD6CEBFF01384C21353B874B345E81","missing"
"A14T2","","0","F:\THEORY\programs\one_plaquette\tromino_o3\tromino_candidate_closed_form_check.py","999F702C810E4AD3623189F37C419BB4D4F2F33748235EAA248C8E513279EEB1","missing"
"A14V","C:\ALL THEORY\programs\one_plaquette\ENGINE_FLUX_master_v2_regression_certificate.py","4","F:\THEORY\programs\one_plaquette\master_v2_regression_certificate.py","D1DAE1C784BB4774D329CC66E3412B2BE9781105F5CEBB4E7B9B3D26B12E8FDA","exact_active_multiple"
"A23C1","","0","F:\THEORY\programs\one_plaquette\y4_o3_flatband_verification\indep_cert_check.py","4960EBADB3D8347F73E585543B99F6359E26C357C8A83540B14A6469A2B9457E","missing"
"A23C2","","0","F:\THEORY\programs\one_plaquette\y4_o3_flatband_verification\y4_independent_verification.py","2189FD5617FBA523FC0B0F1A2B83E99409D3161903DC955A6121CA2A24F525E6","missing"
"A23K","C:\ALL THEORY\programs\one_plaquette\y4_o3_flatband_verification\AUDIT_Y4_curvature.log","3","F:\THEORY\programs\one_plaquette\y4_o3_flatband_verification\curvature_audit.log","F48D368AE47AC6A4ECAAB334036E98D4BD27FB29839BE5F13295B7E041056FDA","exact_active_multiple"
"A23R","","0","F:\THEORY\programs\one_plaquette\y4_o3_flatband_verification\REVIEW_global_band_edge_certificate.md","4B66BB0C755548719BFC4B9260BCD277498C413308CC353C07216387D51D0008","missing"
"A23S","","0","F:\THEORY\programs\one_plaquette\y4_o3_flatband_verification\SUMMARY.md","8ED9623D5DE83639793C9E280DE08235E85BAFFA0EF7716355C2F25CB6BC4812","missing"
"A23T","C:\ALL THEORY\programs\one_plaquette\y4_o3_flatband_verification\THM_Y4_theorem_flat_band_breaking_2026-06-13.md","3","F:\THEORY\programs\one_plaquette\y4_o3_flatband_verification\THEOREM_Y4_FLAT_BAND_BREAKING_2026-06-13.md","061F049B42811D1F16D5927C2D021358050861238F1AAA2E3C64F961980B7AA3","exact_active_multiple"
"A53Z1","C:\ALL THEORY\archive\zips\Y4_SUN_ALL_N_GE_3_BAND_SHAPE_BUNDLE_2026-06-14.zip","2","F:\THEORY\ZIP ARCHIVES\Y4_SUN_ALL_N_GE_3_BAND_SHAPE_BUNDLE_2026-06-14.zip","CAF998A7AAB36FAF89D5A08A76C2F0BE4EFA5F6C67D70723B5D1F1A7DBAA3DF9","exact_active_multiple"
"A53Z2","C:\ALL THEORY\archive\zips\Y4_SUN_WALLED_BRAUER_FULL_SYMBOLIC_BUNDLE_2026-06-14_V2.zip","6","F:\THEORY\ZIP ARCHIVES\Y4_SUN_WALLED_BRAUER_FULL_SYMBOLIC_BUNDLE_2026-06-14_V2.zip","F3439DA7D6067B81276212D0789607714FFA866B7F7B285141084B841176B793","exact_active_multiple"
"A53Z3","C:\ALL THEORY\archive\zips\Y4_SUN_SYMBOLIC_QAB_COMPACT_BUNDLE.zip","2","F:\THEORY\ZIP ARCHIVES\Y4_SUN_SYMBOLIC_QAB_COMPACT_BUNDLE.zip","F8449BBF6BF1C865EAF41BFB4F31FBB9C89A7D833C820D204E6D3E28FE735A13","exact_active_multiple"
"A61S","","0","C:\Users\Alex\Downloads\SU3_T1pm_spatial_MC_nextrun.py","73AF866AC2B593C3EC80719C202A122131BD1769982762F72DD0C6261E2A6A55","missing"
"A61R","C:\ALL THEORY\programs\hodge_o4_adjudication\data\CERT_O4_next14.json","2","C:\Users\Alex\Downloads\next14.json","94EE3BFB9294441E4ACBA0730669DD06AD8ED5AB471A3DED532A5D100812F04B","exact_active_multiple"
"A62P","C:\ALL THEORY\literature\LIT_Y5_8010101.pdf","2","C:\Users\Alex\Downloads\8010101.pdf","FFB45AFDE017A1F020E98ADB8567A71CFE950F8A05406A4823A4A1717B521CAB","exact_active_multiple"
"B16","C:\ALL THEORY\literature\LIT_FLUX_compass_artifact_wf_8908dab0_6ef9_5d49_9a5e.md","3","C:\Users\Alex\Downloads\Novelty-and-Priors Literature Check C-odd SU(N) Plaquette Observables, Trigonometric Factorizations, and One-Plaquette Gap Asymptotics.md","A96C82DAF5F3F3EB946179D0373EA39E00FD7CA0607CB48C417DFE5CED11F4D8","exact_active_multiple"
"B17","","0","C:\Users\Alex\Downloads\su4_band_audit.md","AA709ECFA1EADC889A13AD6AA68E762D014F6E2497C92D276ACFE3099B349F61","missing"
"C02","C:\ALL THEORY\QUARANTINE\superseded\GLUEBALL_DETAILED_FORMULA_DOCUMENT_2026-08-20_v2.md","1","C:\Users\Alex\Downloads\GLUEBALL_DETAILED_FORMULA_DOCUMENT_2026-08-20_v2.md","43FE1A98D085A5B5DF142DB9AF85A50D963B050FF6894ED6AB9C2F74B485EED2","quarantine_only"
"Q00","C:\ALL THEORY\records\transcripts\SOURCEOFGOD.txt","2","C:\Users\Alex\Downloads\SOURCEOFGOD.txt","BF637392B67C20861B36E7FEBA33CC447668392A8BE7D885AE0CE7F946FE78ED","exact_active_multiple"
"C03","","0","C:\Users\Alex\Downloads\MASTER_THEORY.md","9FD32C05136EC5E10E09DB9BCC46DD9E86CAA42F9BADBC3B72CE3351F6227DC3","missing"
"C04","C:\ALL THEORY\QUARANTINE\superseded\MASTER_THEORY_UNIFIED_2026-08-20_v2.md","1","C:\Users\Alex\Downloads\MASTER_THEORY_UNIFIED_2026-08-20_v2.md","52B7EF5C3EAA1C778A0B79D58A87A2ABC2E0C398EF7C4CDA5718A6AF5EE6C051","quarantine_only"
"C05","","0","C:\Users\Alex\Downloads\GLUEBALL_SOURCE_CONSOLIDATION_GUIDE_2026-08-20_v2.md","0F3E359573C0C8CD5C827DF556699B14D790840A4F2E14B1BAF313ECD3C57FB4","missing"
"C06","","0","C:\Users\Alex\Downloads\GLUEBALL_CANONICAL_SOURCE_MANIFEST_2026-08-20_v2.csv","31275C8EFDD2A006CD29DFD2D7720201399B3820D0C8C50B2899D66B872AF289","missing"
"A24Z","C:\ALL THEORY\archive\zips\Y4_REAL_SPACE_SOS_PACKAGE.zip","2","F:\THEORY\ZIP ARCHIVES\Y4_REAL_SPACE_SOS_PACKAGE.zip","BD3D64CAA866CE919CA1B67DC2991FF98D7D59FEB653219ED05BD5AA807D7BDA","exact_active_multiple"
"A53S4","C:\ALL THEORY\archive\zips\SU4_CLEAN_NO_EDIT_REPRODUCED.zip","2","F:\THEORY\ZIP ARCHIVES\SU4_CLEAN_NO_EDIT_REPRODUCED.zip","9F457E21AC4EEC3D411A68027737B9E009B0A43328088863AC7B763AB30BA23E","exact_active_multiple"
"A53S5","C:\ALL THEORY\archive\zips\SU5_FOURTH_ORDER_COMPLETE_RELEASE.zip","2","F:\THEORY\ZIP ARCHIVES\SU5_FOURTH_ORDER_COMPLETE_RELEASE.zip","EE58DCED8A854801A8FA87B9FD1B61FFC83BEBE61148A252A5A61CDD55625543","exact_active_multiple"
"A53S6","C:\ALL THEORY\archive\zips\SU6_DETERMINANT_ARCHIVAL_V2_BUNDLE.zip","2","F:\THEORY\ZIP ARCHIVES\SU6_DETERMINANT_ARCHIVAL_V2_BUNDLE.zip","DA031D7E7D576F8EBEE70DBD1EEC422111272FB8E100D5B5AF34428436162901","exact_active_multiple"
"A70M","","0","F:\THEORY\programs\one_plaquette\su3_string_tension_native_o5\README.md","52D9C8711BE355657573D445E10F19B9558B42D27BB9F86B4653CD6350E26B3E","missing"
"A70E","","0","F:\THEORY\programs\one_plaquette\su3_string_tension_native_o5\ftw.py","6510F425B9A784CB51ED4297ABA63451A5B070A2BB38E28C113E5251FCC50045","missing"
"A70R","","0","F:\THEORY\programs\one_plaquette\su3_string_tension_native_o5\sigma5_full_certificate.py","7D2B24C209A03DE33CA506B65DCFF28C85EAB2032FBB9C8BFB21A6AE8C358E76","missing"
"A70J","C:\ALL THEORY\programs\one_plaquette\su3_string_tension_native_o5\CERT_STRING_sigma5_exact_certificate.json","2","F:\THEORY\programs\one_plaquette\su3_string_tension_native_o5\SIGMA5_EXACT_CERTIFICATE.json","96D4ADED74D78B275EC805E1E3151E91896CE92F3921C4AE47B6CCAA6B654E27","exact_active_multiple"
"A71Z","C:\ALL THEORY\archive\zips\SHELL6_O2_SYMMETRY_REDUCED_V2_COMPLETE_RELEASE.zip","2","F:\THEORY\ZIP ARCHIVES\SHELL6_O2_SYMMETRY_REDUCED_V2_COMPLETE_RELEASE.zip","DE6B80140EBFB6788713073F5AA3F7C57AF0F3936450DA0EA8018BFF48974419","exact_active_multiple"
"A71M","C:\ALL THEORY\programs\one_plaquette\shell6_o2\v2_authoritative\THM_SHELL6_shell46_theorem_v2.md","3","F:\THEORY\programs\one_plaquette\shell6_o2\v2_authoritative\SHELL6_AND_SHELL46_THEOREM_V2.md","1974943248BE600FD9B057F5FF0686C4F56A5E7C8C40AA520951323F4311AF3A","exact_active_multiple"
"A71J","C:\ALL THEORY\programs\one_plaquette\shell6_o2\v2_authoritative\CERT_SHELL6_o2_exact_channel_certificate_v2.json","3","F:\THEORY\programs\one_plaquette\shell6_o2\v2_authoritative\SHELL6_O2_EXACT_CHANNEL_CERTIFICATE_V2.json","D6B0EE30D4CDA1C77B6C8579E211DE394AC9E5AC716A0973579AE5FF165F8277","exact_active_multiple"
"A72Z","C:\ALL THEORY\archive\zips\SU3_Y6_M6_SCRATCH_PROOF_RESULTS_V1.zip","1","C:\Users\Alex\Downloads\SU3_Y6_M6_SCRATCH_PROOF_RESULTS_V1.zip","5B210362B1E21AA2F1F4956AECD8AA498E88F6A92D780180B69C72C1BAAAED5B","exact_active_unique"
"A73Z","C:\ALL THEORY\archive\zips\SU3_Y5_COMPLETE_FIFTH_ORDER_BUNDLE.zip","2","F:\THEORY\ZIP ARCHIVES\SU3_Y5_COMPLETE_FIFTH_ORDER_BUNDLE.zip","7824EA018EA40B5F17878A58737EDC6739ECB402E0C2996FA9607AFC17604691","exact_active_multiple"
"B73Z","C:\ALL THEORY\archive\zips\SU3_O5_CONSOLIDATED_AND_Y6_PREFLIGHT_2026-06-14.zip","2","F:\THEORY\ZIP ARCHIVES\SU3_O5_CONSOLIDATED_AND_Y6_PREFLIGHT_2026-06-14.zip","C7F3D2246E5E8E15069F112D8B17877B1ADEFB210FB5B562E815BAB22F621FDB","exact_active_multiple"
"A76M","C:\ALL THEORY\programs\rooted_capacity_program\NOTE_RCAP_su_alt3_three_term_local_gap_alt.md","2","F:\THEORY\programs\rooted_capacity_program\SU(3) Three-Term Local Gap (1).md","61F1E42E1EFF8C18DF7EF107BDD7B561BA8AF422D6857C9EC0A135889879373E","exact_active_multiple"
"A80M","","0","F:\THEORY\numerics\op12_theta\m4_scaling\M4_TC_CLOSED_FORM_2026-06-12.md","6396434D35CFF8696240D469349DDA64A4F2B87C33558A2F4930F02FA9ACE2EA","missing"
"A80B","","0","F:\THEORY\programs\op1_defect_sparsity\LEMMA_B_PROOF_2026-06-12.md","D9979403E0BA01D7CA093CC7389E4C2AC4CDAE01985F990FDDD493431304A2CF","missing"
"A80BC","","0","F:\THEORY\numerics\op12_theta\m4_scaling\lemma_b_cert.py","363970059CC899B7671736D1DAD151EE026D461639169998BF58AE82F7937A0E","missing"
"A80BJ","","0","F:\THEORY\numerics\op12_theta\m4_scaling\lemma_b_cert.json","344AFA3C37BAF899F89E772F7ACD10B8EDDAF277687D274C2413C76C91423512","missing"
"A80A","","0","F:\THEORY\programs\op1_defect_sparsity\LEMMA_A_CLOSURE_2026-06-12.md","3BCC6B4D4B1275A1791525DB37F0932CCD2FC515B5965D9E0B1D76458647436A","missing"
"A80AC","","0","F:\THEORY\numerics\op12_theta\m4_scaling\lemma_a_window_cert.py","0DB5F6261B649F1FB1462B4B9DCB46CA690E8D61DE7D151D8E5A9A161DB478A2","missing"
"A80AJ","","0","F:\THEORY\numerics\op12_theta\m4_scaling\lemma_a_window_cert.json","89ACBB4E00DE5D0D3E8DE33DA4D0D593DBBC2C28ACCA7F25CA1BCFC3603CC20E","missing"
"A81M","","0","F:\THEORY\programs\op1_defect_sparsity\S_CHESSBOARD_ROUTE_2026-06-12.md","DFDFFAD255A4390E14C760FBDA669EA0F12B9EF8B979B5D7A301BA312DEFC640","missing"
"A81C","","0","F:\THEORY\numerics\op12_theta\s_chessboard\s_chessboard_rate.py","C327859170482D1685115F34328DD6E026E050C8BD691DB7E0AA55089551FA7E","missing"
"A81J","","0","F:\THEORY\numerics\op12_theta\s_chessboard\s_chessboard_rate.json","16BE3920A20EE1BFDDC91D891501983F05F49434FFB72ECEB7CA4245CF9010E3","missing"
"A82M","","0","F:\THEORY\programs\op1_defect_sparsity\za_cap_geometry\ZA_CAP_GEOMETRY_2026-06-12.md","8A4FD76A8918B27DFEC97724D88E79FA953307F0FFB3132348A47E119B70707E","missing"
"A82C","","0","F:\THEORY\programs\op1_defect_sparsity\za_cap_geometry\za_cert_v5.py","C9D66B5C0196BC883A17AAA21A4F2EDDD242D39C002C557B9CBDCF27B5DF1454","missing"
"A82J","C:\ALL THEORY\programs\op1_defect_sparsity\za_cap_geometry\CERT_OP1_za_cap.json","2","F:\THEORY\programs\op1_defect_sparsity\za_cap_geometry\za_cap_cert.json","19E2E589D2D1B6B16E58ECB7049FA4A30533429591C239476F8F241FEA3E2756","exact_active_multiple"
"A82F","","0","F:\THEORY\records\review\findings\F037_za_cap_geometry.md","79BE1572450B1CE4273996E737EF86972A9E3522E102CF023E3F3AE0380A3F41","missing"
"A83C","","0","F:\THEORY\programs\op1_defect_sparsity\za_cap_geometry\za_multicap_v2.py","D42026C75A6FF85D8007E4C0D9E8CFB38CEBBF272791DB04B1F4F548BCAEEF06","missing"
"A83J","C:\ALL THEORY\programs\op1_defect_sparsity\za_cap_geometry\CERT_OP1_za_multicap.json","2","F:\THEORY\programs\op1_defect_sparsity\za_cap_geometry\za_multicap_cert.json","73B3E330953A310097A10B6C4E51D052C9F7F7C73713E28443568A8A2062CEEE","exact_active_multiple"
"A83F","","0","F:\THEORY\records\review\findings\F038_za_multicap_rate.md","D02054D377AF9D7F3A462C8131B530661316B84A7758FD7BFE65E2498F72A97F","missing"
"B80","","0","F:\THEORY\numerics\op12_theta\RESULTS_2026-06-11.md","B30B28B4D6E57B6B07D4B47C713355EC904E8ABCE2F206AE02C8FFC3295D8CC7","missing"
"B81","","0","F:\THEORY\numerics\op12_theta\m2_certificates\M2_RESULTS_2026-06-12.md","0FB85DE8408F081CBA711B55E735C89B744C633F4628A76C3BD5DE07994480D4","missing"
"B82","","0","F:\THEORY\records\review\findings\F034_ebar1_chessboard_negative.md","00809B173E9B8DE34A69DF7EDFAEE4F97A55E4D1923133F3DD0BE2F71712F3C0","missing"
"B83","","0","F:\THEORY\records\review\findings\F036_delta_max_comparator_faithfulness.md","94E482370681D460AFEBCCE5D4225E5AF124E745CAF428B7CE2E32DDAE41A927","missing"
"B84","","0","F:\THEORY\records\review\findings\F043_local_amplification_quadrature.md","0D124C0AEC59F3E96ACACEDA37C903C5C676EA14B9A86ECF16890E8D0741D908","missing"
"B85","","0","F:\THEORY\numerics\op12_theta\m4_scaling\M4_TC_ASYMPTOTICS_2026-06-12.md","CD96E1C3004B7E51E7A095959F129C18D302E54EDF19EEAA4FCF946B73E32ECE","missing"
"B90S","","0","F:\THEORY\STATE.md","88DB62EA34E4106EE3CE29DBDD1072CB195949DCD43785A6C118D673EDBC8C4D","missing"
"B90H","C:\ALL THEORY\records\governance_archive\CHARTER_2026-06-15_ORIGINAL.md","2","F:\THEORY\CHARTER.md","F819C982FC5F0F95A3D0B0ED90FCD8A2A6EF3A521A59C99DF8B3AF82B561FA85","exact_active_multiple"
"B90C","","0","F:\THEORY\theory\CHAIN_STATUS_MAP.md","A9D7D83D4D616F484AD03DDA4DAC4D6567CF6C2CB0737528CD35C4FF05106990","missing"
"B90V","","0","F:\THEORY\theory\CONVENTIONS.md","0C156D1CFFB3B83CA74B59E990289F07C3C48AA41B5507AB7837F6F9206C0508","missing"
"B90O","","0","F:\THEORY\theory\OPEN_PROBLEMS.md","DC04724BCB68BD37E34143C21BA2E783111A0DC2BED5409398179CB5B9B27F8E","missing"
"B90P","","0","F:\THEORY\programs\one_plaquette\PROGRAM_INDEX.md","DD82E25A277FB396C92676103E62CDE463D703316FD5D921F2054790BA3CD31A","missing"
"B94","","0","F:\THEORY\records\review\findings\F026_rooted_capacity_deep_read.md","F09023EA2178CB8A402C95DF2FF260DA24A36F507D6956AC69352C317A644895","missing"
"C07","C:\ALL THEORY\QUARANTINE\superseded\MASTER_THEORY_UNIFIED_2026-08-20_v3.md","1","C:\Users\Alex\Downloads\MASTER_THEORY_UNIFIED_2026-08-20_v3.md","134A604B96BEC35C2828E5B05AF00F1C8A51002BB43323A02E9A840D31BC766A","quarantine_only"
"C08","","0","C:\Users\Alex\Downloads\GLUEBALL_SOURCE_CONSOLIDATION_GUIDE_2026-08-20_v3.md","2F0FC2973602B042D616CEED84C436DAC1FEA20C49DB8602F890FC4212918580","missing"
"C09","","0","C:\Users\Alex\Downloads\GLUEBALL_CANONICAL_SOURCE_MANIFEST_2026-08-20_v3.csv","E11DE975C4CC3A4B4EFFEC7708ACF05FE96B8BAFD6BB39B853F50C851EC6C7A3","missing"
"C10","","0","C:\Users\Alex\Downloads\MASTER_THEORY_UNIFIED_2026-08-20_v4.md","9D305B9E62BBB2565427142421E28D3CFA7F05C686E7A871EC553D809841493E","missing"
"C11","","0","F:\THEORY\programs\one_plaquette\su3_y6_m6\M6_RESULT_2026-06-15.md","D3FF3ACE2051F422C66AE1C367583B2D1F9BFBA80B2A1C7D50F8F8444B09B19C","missing"
"C12","C:\ALL THEORY\programs\one_plaquette\su3_y6_m6\NOTE_Y6_m6_independent_verification_2026-06-15.md","2","F:\THEORY\programs\one_plaquette\su3_y6_m6\M6_INDEPENDENT_VERIFICATION_2026-06-15.md","2671CBB0EB900B212FFF74345C7033389308AED8EDD5624E38619A877ECDD96C","exact_active_multiple"
"C13","C:\ALL THEORY\archive\zips\GLUEBALL_FLAT_BAND_SOURCE_RELEASE_V0_8.zip","2","F:\THEORY\ZIP ARCHIVES\GLUEBALL_FLAT_BAND_SOURCE_RELEASE_V0_8.zip","FF8336DA768CF82BE867B390C34B0860B241E645DC583FE316A28442396A5B06","exact_active_multiple"
"C14","","0","C:\Users\Alex\Downloads\MASTER_THEORY_UNIFIED_2026-08-20_v4_1.md","337E9A2C3FE231F34C9F9A3EC15790B38D8752F0639956200003ECE262AD847A","missing"
"C15","","0","C:\Users\Alex\Downloads\GLUEBALL_SOURCE_CONSOLIDATION_GUIDE_2026-08-20_v4.md","EE908B613BD81AB2C0C6EA257659EE8741AA4C74D4201D594F3F21824064C103","missing"
"C16","","0","C:\Users\Alex\Downloads\GLUEBALL_CANONICAL_SOURCE_MANIFEST_2026-08-20_v4.csv","CCE54DD7E0E546D0758F21170F5BF57FA0B35661F4AA669DC8A7206950998A24","missing"
"C17","","0","C:\Users\Alex\Downloads\MASTER_THEORY_UNIFIED_2026-08-20_v4_2.md","7FF37184E191F673BCC7D3ADA45C96578F3D952BA6AD5EEAF37A294C848F6975","missing"
"C18","","0","C:\Users\Alex\Downloads\GLUEBALL_SOURCE_CONSOLIDATION_GUIDE_2026-08-20_v4_1.md","17ED502C063A113B6763B28ABCF8510DBA10A185FA502C3436C03C0D1E8F1742","missing"
"C19","","0","C:\Users\Alex\Downloads\GLUEBALL_CANONICAL_SOURCE_MANIFEST_2026-08-20_v4_1.csv","BA693962363D329C020EAAFB1221300E13BEF4C44428636BA1C9E4A6B563D695","missing"
"C20M","","0","C:\Users\Alex\Downloads\MASTER_THEORY_UNIFIED_2026-08-20_v4_2_FINAL.md","90AA6287E0CB7EF81B0FCC375EC518A7E6F24F4352051FA2B63F02C605440D95","missing"
"C20G","","0","C:\Users\Alex\Downloads\GLUEBALL_SOURCE_CONSOLIDATION_GUIDE_2026-08-20_v4_2_FINAL.md","ABD1289D4F9DBD82FD17B9B4126DB70907AD799004A72D814B053FF1E2156930","missing"
"C20X","","0","C:\Users\Alex\Downloads\GLUEBALL_CANONICAL_SOURCE_MANIFEST_2026-08-20_v4_2_FINAL.csv","1D0396F5AADAFFDDEEC400FA1971ED263BDCAA663617AA322929CFEA91EF82BE","missing"

